Time[s],106.52,Xacceleration[gs],-6.25e-05,Yacceleration[gs],-6.25e-05,Zacceleration[gs],-6.25e-05,Temperature[C],20,Address,db60
Time[s],107.64,Xacceleration[gs],-6.25e-05,Yacceleration[gs],-6.25e-05,Zacceleration[gs],-6.25e-05,Temperature[C],20,Address,db60
Time[s],108.56,Xacceleration[gs],-6.25e-05,Yacceleration[gs],-6.25e-05,Zacceleration[gs],-6.25e-05,Temperature[C],20,Address,db60
Time[s],109.54,Xacceleration[gs],-6.25e-05,Yacceleration[gs],-6.25e-05,Zacceleration[gs],-6.25e-05,Temperature[C],20,Address,db60
Time[s],110.63,Xacceleration[gs],-6.25e-05,Yacceleration[gs],-6.25e-05,Zacceleration[gs],-6.25e-05,Temperature[C],20,Address,db60
Time[s],111.55,Xacceleration[gs],-6.25e-05,Yacceleration[gs],-6.25e-05,Zacceleration[gs],-6.25e-05,Temperature[C],20,Address,db60
Time[s],112.56,Xacceleration[gs],-6.25e-05,Yacceleration[gs],-6.25e-05,Zacceleration[gs],-6.25e-05,Temperature[C],20,Address,db60
Time[s],113.62,Xacceleration[gs],-6.25e-05,Yacceleration[gs],-6.25e-05,Zacceleration[gs],-6.25e-05,Temperature[C],20,Address,db60
Time[s],114.57,Xacceleration[gs],-6.25e-05,Yacceleration[gs],-6.25e-05,Zacceleration[gs],-6.25e-05,Temperature[C],20,Address,db60
Time[s],115.69,Xacceleration[gs],-6.25e-05,Yacceleration[gs],-6.25e-05,Zacceleration[gs],-6.25e-05,Temperature[C],20,Address,db60
Time[s],116.62,Xacceleration[gs],-6.25e-05,Yacceleration[gs],-6.25e-05,Zacceleration[gs],-6.25e-05,Temperature[C],20,Address,db60
Time[s],117.59,Xacceleration[gs],-6.25e-05,Yacceleration[gs],-6.25e-05,Zacceleration[gs],-6.25e-05,Temperature[C],20,Address,db60
Time[s],118.68,Xacceleration[gs],-6.25e-05,Yacceleration[gs],-6.25e-05,Zacceleration[gs],-6.25e-05,Temperature[C],20,Address,db60
Time[s],119.6,Xacceleration[gs],-6.25e-05,Yacceleration[gs],-6.25e-05,Zacceleration[gs],-6.25e-05,Temperature[C],20,Address,db60
Time[s],120.61,Xacceleration[gs],-6.25e-05,Yacceleration[gs],-6.25e-05,Zacceleration[gs],-6.25e-05,Temperature[C],20,Address,db60
Time[s],121.67,Xacceleration[gs],-6.25e-05,Yacceleration[gs],-6.25e-05,Zacceleration[gs],-6.25e-05,Temperature[C],20,Address,db60
Time[s],122.62,Xacceleration[gs],-6.25e-05,Yacceleration[gs],-6.25e-05,Zacceleration[gs],-6.25e-05,Temperature[C],20,Address,db60
Time[s],123.74,Xacceleration[gs],-6.25e-05,Yacceleration[gs],-6.25e-05,Zacceleration[gs],-6.25e-05,Temperature[C],20,Address,db60
Time[s],124.66,Xacceleration[gs],-6.25e-05,Yacceleration[gs],-6.25e-05,Zacceleration[gs],-6.25e-05,Temperature[C],20,Address,db60
Time[s],125.64,Xacceleration[gs],-6.25e-05,Yacceleration[gs],-6.25e-05,Zacceleration[gs],-6.25e-05,Temperature[C],20,Address,db60
Time[s],126.73,Xacceleration[gs],-6.25e-05,Yacceleration[gs],-6.25e-05,Zacceleration[gs],-6.25e-05,Temperature[C],20,Address,db60
Time[s],127.65,Xacceleration[gs],-6.25e-05,Yacceleration[gs],-6.25e-05,Zacceleration[gs],-6.25e-05,Temperature[C],20,Address,db60
Time[s],128.66,Xacceleration[gs],-6.25e-05,Yacceleration[gs],-6.25e-05,Zacceleration[gs],-6.25e-05,Temperature[C],20,Address,db60
Time[s],129.72,Xacceleration[gs],-6.25e-05,Yacceleration[gs],-6.25e-05,Zacceleration[gs],-6.25e-05,Temperature[C],20,Address,db60
Time[s],130.67,Xacceleration[gs],-6.25e-05,Yacceleration[gs],-6.25e-05,Zacceleration[gs],-6.25e-05,Temperature[C],19,Address,db60
Time[s],131.79,Xacceleration[gs],-6.25e-05,Yacceleration[gs],-6.25e-05,Zacceleration[gs],-6.25e-05,Temperature[C],20,Address,db60
Time[s],132.71,Xacceleration[gs],-6.25e-05,Yacceleration[gs],-6.25e-05,Zacceleration[gs],-6.25e-05,Temperature[C],20,Address,db60
Time[s],133.69,Xacceleration[gs],-6.25e-05,Yacceleration[gs],-6.25e-05,Zacceleration[gs],-6.25e-05,Temperature[C],20,Address,db60
Time[s],134.78,Xacceleration[gs],-6.25e-05,Yacceleration[gs],-6.25e-05,Zacceleration[gs],-6.25e-05,Temperature[C],20,Address,db60
Time[s],135.7,Xacceleration[gs],-6.25e-05,Yacceleration[gs],-6.25e-05,Zacceleration[gs],-6.25e-05,Temperature[C],20,Address,db60
Time[s],136.71,Xacceleration[gs],-6.25e-05,Yacceleration[gs],-6.25e-05,Zacceleration[gs],-6.25e-05,Temperature[C],20,Address,db60
Time[s],137.77,Xacceleration[gs],-6.25e-05,Yacceleration[gs],-6.25e-05,Zacceleration[gs],-6.25e-05,Temperature[C],19,Address,db60
Time[s],138.72,Xacceleration[gs],-6.25e-05,Yacceleration[gs],-6.25e-05,Zacceleration[gs],-6.25e-05,Temperature[C],19,Address,db60
Time[s],139.84,Xacceleration[gs],-6.25e-05,Yacceleration[gs],-6.25e-05,Zacceleration[gs],-6.25e-05,Temperature[C],19,Address,db60
Time[s],140.76,Xacceleration[gs],-6.25e-05,Yacceleration[gs],-6.25e-05,Zacceleration[gs],-6.25e-05,Temperature[C],20,Address,db60
Time[s],141.74,Xacceleration[gs],-6.25e-05,Yacceleration[gs],-6.25e-05,Zacceleration[gs],-6.25e-05,Temperature[C],19,Address,db60
Time[s],142.84,Xacceleration[gs],-6.25e-05,Yacceleration[gs],-6.25e-05,Zacceleration[gs],-6.25e-05,Temperature[C],19,Address,db60
Time[s],143.75,Xacceleration[gs],-6.25e-05,Yacceleration[gs],-6.25e-05,Zacceleration[gs],-6.25e-05,Temperature[C],20,Address,db60
Time[s],144.76,Xacceleration[gs],-6.25e-05,Yacceleration[gs],-6.25e-05,Zacceleration[gs],-6.25e-05,Temperature[C],20,Address,db60
Time[s],145.82,Xacceleration[gs],-6.25e-05,Yacceleration[gs],-6.25e-05,Zacceleration[gs],-6.25e-05,Temperature[C],19,Address,db60
Time[s],146.77,Xacceleration[gs],-6.25e-05,Yacceleration[gs],-6.25e-05,Zacceleration[gs],-6.25e-05,Temperature[C],19,Address,db60
Time[s],147.89,Xacceleration[gs],-6.25e-05,Yacceleration[gs],-6.25e-05,Zacceleration[gs],-6.25e-05,Temperature[C],20,Address,db60
Time[s],148.81,Xacceleration[gs],-6.25e-05,Yacceleration[gs],-6.25e-05,Zacceleration[gs],-6.25e-05,Temperature[C],19,Address,db60
Time[s],149.79,Xacceleration[gs],-6.25e-05,Yacceleration[gs],-6.25e-05,Zacceleration[gs],-6.25e-05,Temperature[C],19,Address,db60
Time[s],150.88,Xacceleration[gs],-6.25e-05,Yacceleration[gs],-6.25e-05,Zacceleration[gs],-6.25e-05,Temperature[C],19,Address,db60
Time[s],151.8,Xacceleration[gs],-6.25e-05,Yacceleration[gs],-6.25e-05,Zacceleration[gs],-6.25e-05,Temperature[C],19,Address,db60
Time[s],152.81,Xacceleration[gs],-6.25e-05,Yacceleration[gs],-6.25e-05,Zacceleration[gs],-6.25e-05,Temperature[C],19,Address,db60
Time[s],153.87,Xacceleration[gs],-6.25e-05,Yacceleration[gs],-6.25e-05,Zacceleration[gs],-6.25e-05,Temperature[C],20,Address,db60
Time[s],154.82,Xacceleration[gs],-6.25e-05,Yacceleration[gs],-6.25e-05,Zacceleration[gs],-6.25e-05,Temperature[C],19,Address,db60
Time[s],155.94,Xacceleration[gs],-6.25e-05,Yacceleration[gs],-6.25e-05,Zacceleration[gs],-6.25e-05,Temperature[C],20,Address,db60
Time[s],156.86,Xacceleration[gs],-6.25e-05,Yacceleration[gs],-6.25e-05,Zacceleration[gs],-6.25e-05,Temperature[C],19,Address,db60
Time[s],157.84,Xacceleration[gs],-6.25e-05,Yacceleration[gs],-6.25e-05,Zacceleration[gs],-6.25e-05,Temperature[C],19,Address,db60
Time[s],158.93,Xacceleration[gs],-6.25e-05,Yacceleration[gs],-6.25e-05,Zacceleration[gs],-6.25e-05,Temperature[C],19,Address,db60
Time[s],159.85,Xacceleration[gs],-6.25e-05,Yacceleration[gs],-6.25e-05,Zacceleration[gs],-6.25e-05,Temperature[C],19,Address,db60
Time[s],160.86,Xacceleration[gs],-6.25e-05,Yacceleration[gs],-6.25e-05,Zacceleration[gs],-6.25e-05,Temperature[C],19,Address,db60
Time[s],161.92,Xacceleration[gs],-6.25e-05,Yacceleration[gs],-6.25e-05,Zacceleration[gs],-6.25e-05,Temperature[C],19,Address,db60
Time[s],162.87,Xacceleration[gs],-6.25e-05,Yacceleration[gs],-6.25e-05,Zacceleration[gs],-6.25e-05,Temperature[C],19,Address,db60
Time[s],163.99,Xacceleration[gs],-6.25e-05,Yacceleration[gs],-6.25e-05,Zacceleration[gs],-6.25e-05,Temperature[C],19,Address,db60
Time[s],164.91,Xacceleration[gs],-6.25e-05,Yacceleration[gs],-6.25e-05,Zacceleration[gs],-6.25e-05,Temperature[C],19,Address,db60
Time[s],165.89,Xacceleration[gs],-6.25e-05,Yacceleration[gs],-6.25e-05,Zacceleration[gs],-6.25e-05,Temperature[C],19,Address,db60
Time[s],167.0,Xacceleration[gs],-6.25e-05,Yacceleration[gs],-6.25e-05,Zacceleration[gs],-6.25e-05,Temperature[C],19,Address,db60
Time[s],167.9,Xacceleration[gs],-6.25e-05,Yacceleration[gs],-6.25e-05,Zacceleration[gs],-6.25e-05,Temperature[C],19,Address,db60
Time[s],168.91,Xacceleration[gs],-6.25e-05,Yacceleration[gs],-6.25e-05,Zacceleration[gs],-6.25e-05,Temperature[C],19,Address,db60
Time[s],169.97,Xacceleration[gs],-6.25e-05,Yacceleration[gs],-6.25e-05,Zacceleration[gs],-6.25e-05,Temperature[C],19,Address,db60
Time[s],170.92,Xacceleration[gs],-6.25e-05,Yacceleration[gs],-6.25e-05,Zacceleration[gs],-6.25e-05,Temperature[C],19,Address,db60
Time[s],172.04,Xacceleration[gs],-6.25e-05,Yacceleration[gs],-6.25e-05,Zacceleration[gs],-6.25e-05,Temperature[C],19,Address,db60
Time[s],172.96,Xacceleration[gs],-6.25e-05,Yacceleration[gs],-6.25e-05,Zacceleration[gs],-6.25e-05,Temperature[C],19,Address,db60
Time[s],173.94,Xacceleration[gs],-6.25e-05,Yacceleration[gs],-6.25e-05,Zacceleration[gs],-6.25e-05,Temperature[C],19,Address,db60
Time[s],175.03,Xacceleration[gs],-6.25e-05,Yacceleration[gs],-6.25e-05,Zacceleration[gs],-6.25e-05,Temperature[C],19,Address,db60
Time[s],175.95,Xacceleration[gs],-6.25e-05,Yacceleration[gs],-6.25e-05,Zacceleration[gs],-6.25e-05,Temperature[C],19,Address,db60
Time[s],176.96,Xacceleration[gs],-6.25e-05,Yacceleration[gs],-6.25e-05,Zacceleration[gs],-6.25e-05,Temperature[C],19,Address,db60
Time[s],178.02,Xacceleration[gs],-6.25e-05,Yacceleration[gs],-6.25e-05,Zacceleration[gs],-6.25e-05,Temperature[C],19,Address,db60
Time[s],178.97,Xacceleration[gs],-6.25e-05,Yacceleration[gs],-6.25e-05,Zacceleration[gs],-6.25e-05,Temperature[C],19,Address,db60
Time[s],180.09,Xacceleration[gs],-6.25e-05,Yacceleration[gs],-6.25e-05,Zacceleration[gs],-6.25e-05,Temperature[C],19,Address,db60
Time[s],181.01,Xacceleration[gs],-6.25e-05,Yacceleration[gs],-6.25e-05,Zacceleration[gs],-6.25e-05,Temperature[C],19,Address,db60
Time[s],181.99,Xacceleration[gs],-6.25e-05,Yacceleration[gs],-6.25e-05,Zacceleration[gs],-6.25e-05,Temperature[C],19,Address,db60
Time[s],183.08,Xacceleration[gs],-6.25e-05,Yacceleration[gs],-6.25e-05,Zacceleration[gs],-6.25e-05,Temperature[C],19,Address,db60
Time[s],184.01,Xacceleration[gs],-6.25e-05,Yacceleration[gs],-6.25e-05,Zacceleration[gs],-6.25e-05,Temperature[C],19,Address,db60
Time[s],185.16,Xacceleration[gs],-6.25e-05,Yacceleration[gs],-6.25e-05,Zacceleration[gs],-6.25e-05,Temperature[C],19,Address,db60
Time[s],186.1,Xacceleration[gs],-6.25e-05,Yacceleration[gs],-6.25e-05,Zacceleration[gs],-6.25e-05,Temperature[C],19,Address,db60
Time[s],187.02,Xacceleration[gs],-6.25e-05,Yacceleration[gs],-6.25e-05,Zacceleration[gs],-6.25e-05,Temperature[C],19,Address,db60
Time[s],188.14,Xacceleration[gs],-6.25e-05,Yacceleration[gs],-6.25e-05,Zacceleration[gs],-6.25e-05,Temperature[C],19,Address,db60
Time[s],189.06,Xacceleration[gs],-6.25e-05,Yacceleration[gs],-6.25e-05,Zacceleration[gs],-6.25e-05,Temperature[C],19,Address,db60
Time[s],190.04,Xacceleration[gs],-6.25e-05,Yacceleration[gs],-6.25e-05,Zacceleration[gs],-6.25e-05,Temperature[C],19,Address,db60
Time[s],191.13,Xacceleration[gs],-6.25e-05,Yacceleration[gs],-6.25e-05,Zacceleration[gs],-6.25e-05,Temperature[C],19,Address,db60
Time[s],192.05,Xacceleration[gs],-6.25e-05,Yacceleration[gs],-6.25e-05,Zacceleration[gs],-6.25e-05,Temperature[C],19,Address,db60
Time[s],193.06,Xacceleration[gs],-6.25e-05,Yacceleration[gs],-6.25e-05,Zacceleration[gs],-6.25e-05,Temperature[C],19,Address,db60
Time[s],194.12,Xacceleration[gs],-6.25e-05,Yacceleration[gs],-6.25e-05,Zacceleration[gs],-6.25e-05,Temperature[C],19,Address,db60
Time[s],195.07,Xacceleration[gs],-6.25e-05,Yacceleration[gs],-6.25e-05,Zacceleration[gs],-6.25e-05,Temperature[C],19,Address,db60
Time[s],196.2,Xacceleration[gs],-6.25e-05,Yacceleration[gs],-6.25e-05,Zacceleration[gs],-6.25e-05,Temperature[C],19,Address,db60
Time[s],197.11,Xacceleration[gs],-6.25e-05,Yacceleration[gs],-6.25e-05,Zacceleration[gs],-6.25e-05,Temperature[C],19,Address,db60
Time[s],198.09,Xacceleration[gs],-6.25e-05,Yacceleration[gs],-6.25e-05,Zacceleration[gs],-6.25e-05,Temperature[C],19,Address,db60
Time[s],199.18,Xacceleration[gs],-6.25e-05,Yacceleration[gs],-6.25e-05,Zacceleration[gs],-6.25e-05,Temperature[C],19,Address,db60
Time[s],200.1,Xacceleration[gs],-6.25e-05,Yacceleration[gs],-6.25e-05,Zacceleration[gs],-6.25e-05,Temperature[C],19,Address,db60
Time[s],201.26,Xacceleration[gs],-6.25e-05,Yacceleration[gs],-6.25e-05,Zacceleration[gs],-6.25e-05,Temperature[C],19,Address,db60
Time[s],202.17,Xacceleration[gs],-6.25e-05,Yacceleration[gs],-6.25e-05,Zacceleration[gs],-6.25e-05,Temperature[C],19,Address,db60
Time[s],203.12,Xacceleration[gs],-6.25e-05,Yacceleration[gs],-6.25e-05,Zacceleration[gs],-6.25e-05,Temperature[C],19,Address,db60
Time[s],204.24,Xacceleration[gs],-6.25e-05,Yacceleration[gs],-6.25e-05,Zacceleration[gs],-6.25e-05,Temperature[C],19,Address,db60
Time[s],205.16,Xacceleration[gs],-6.25e-05,Yacceleration[gs],-6.25e-05,Zacceleration[gs],-6.25e-05,Temperature[C],19,Address,db60
Time[s],206.14,Xacceleration[gs],-6.25e-05,Yacceleration[gs],-6.25e-05,Zacceleration[gs],-6.25e-05,Temperature[C],19,Address,db60
Time[s],207.23,Xacceleration[gs],-6.25e-05,Yacceleration[gs],-6.25e-05,Zacceleration[gs],-6.25e-05,Temperature[C],19,Address,db60
Time[s],208.15,Xacceleration[gs],-6.25e-05,Yacceleration[gs],-6.25e-05,Zacceleration[gs],-6.25e-05,Temperature[C],19,Address,db60
Time[s],209.16,Xacceleration[gs],-6.25e-05,Yacceleration[gs],-6.25e-05,Zacceleration[gs],-6.25e-05,Temperature[C],19,Address,db60
Time[s],210.22,Xacceleration[gs],-6.25e-05,Yacceleration[gs],-6.25e-05,Zacceleration[gs],-6.25e-05,Temperature[C],19,Address,db60
Time[s],211.17,Xacceleration[gs],-6.25e-05,Yacceleration[gs],-6.25e-05,Zacceleration[gs],-6.25e-05,Temperature[C],19,Address,db60
Time[s],212.29,Xacceleration[gs],-6.25e-05,Yacceleration[gs],-6.25e-05,Zacceleration[gs],-6.25e-05,Temperature[C],19,Address,db60
Time[s],213.21,Xacceleration[gs],-6.25e-05,Yacceleration[gs],-6.25e-05,Zacceleration[gs],-6.25e-05,Temperature[C],19,Address,db60
Time[s],214.19,Xacceleration[gs],-6.25e-05,Yacceleration[gs],-6.25e-05,Zacceleration[gs],-6.25e-05,Temperature[C],19,Address,db60
Time[s],215.29,Xacceleration[gs],-6.25e-05,Yacceleration[gs],-6.25e-05,Zacceleration[gs],-6.25e-05,Temperature[C],19,Address,db60
Time[s],216.2,Xacceleration[gs],-6.25e-05,Yacceleration[gs],-6.25e-05,Zacceleration[gs],-6.25e-05,Temperature[C],19,Address,db60
Time[s],217.21,Xacceleration[gs],-6.25e-05,Yacceleration[gs],-6.25e-05,Zacceleration[gs],-6.25e-05,Temperature[C],19,Address,db60
Time[s],218.27,Xacceleration[gs],-6.25e-05,Yacceleration[gs],-6.25e-05,Zacceleration[gs],-6.25e-05,Temperature[C],19,Address,db60
Time[s],219.22,Xacceleration[gs],-6.25e-05,Yacceleration[gs],-6.25e-05,Zacceleration[gs],-6.25e-05,Temperature[C],19,Address,db60
Time[s],220.34,Xacceleration[gs],-6.25e-05,Yacceleration[gs],-6.25e-05,Zacceleration[gs],-6.25e-05,Temperature[C],19,Address,db60
Time[s],221.26,Xacceleration[gs],-6.25e-05,Yacceleration[gs],-6.25e-05,Zacceleration[gs],-6.25e-05,Temperature[C],19,Address,db60
Time[s],222.24,Xacceleration[gs],-6.25e-05,Yacceleration[gs],-6.25e-05,Zacceleration[gs],-6.25e-05,Temperature[C],19,Address,db60
Time[s],223.33,Xacceleration[gs],-6.25e-05,Yacceleration[gs],-6.25e-05,Zacceleration[gs],-6.25e-05,Temperature[C],19,Address,db60
Time[s],224.25,Xacceleration[gs],-6.25e-05,Yacceleration[gs],-6.25e-05,Zacceleration[gs],-6.25e-05,Temperature[C],19,Address,db60
Time[s],225.26,Xacceleration[gs],-6.25e-05,Yacceleration[gs],-6.25e-05,Zacceleration[gs],-6.25e-05,Temperature[C],19,Address,db60
Time[s],226.32,Xacceleration[gs],-6.25e-05,Yacceleration[gs],-6.25e-05,Zacceleration[gs],-6.25e-05,Temperature[C],19,Address,db60
Time[s],227.27,Xacceleration[gs],-6.25e-05,Yacceleration[gs],-6.25e-05,Zacceleration[gs],-6.25e-05,Temperature[C],19,Address,db60
Time[s],228.39,Xacceleration[gs],-6.25e-05,Yacceleration[gs],-6.25e-05,Zacceleration[gs],-6.25e-05,Temperature[C],19,Address,db60
Time[s],229.31,Xacceleration[gs],-6.25e-05,Yacceleration[gs],-6.25e-05,Zacceleration[gs],-6.25e-05,Temperature[C],19,Address,db60
Time[s],230.29,Xacceleration[gs],-6.25e-05,Yacceleration[gs],-6.25e-05,Zacceleration[gs],-6.25e-05,Temperature[C],19,Address,db60
Time[s],231.38,Xacceleration[gs],-6.25e-05,Yacceleration[gs],-6.25e-05,Zacceleration[gs],-6.25e-05,Temperature[C],19,Address,db60
Time[s],232.3,Xacceleration[gs],-6.25e-05,Yacceleration[gs],-6.25e-05,Zacceleration[gs],-6.25e-05,Temperature[C],19,Address,db60
Time[s],233.31,Xacceleration[gs],-6.25e-05,Yacceleration[gs],-6.25e-05,Zacceleration[gs],-6.25e-05,Temperature[C],19,Address,db60
Time[s],234.37,Xacceleration[gs],-6.25e-05,Yacceleration[gs],-6.25e-05,Zacceleration[gs],-6.25e-05,Temperature[C],19,Address,db60
Time[s],235.32,Xacceleration[gs],-6.25e-05,Yacceleration[gs],-6.25e-05,Zacceleration[gs],-6.25e-05,Temperature[C],19,Address,db60
Time[s],236.44,Xacceleration[gs],-6.25e-05,Yacceleration[gs],-6.25e-05,Zacceleration[gs],-6.25e-05,Temperature[C],19,Address,db60
Time[s],237.36,Xacceleration[gs],-6.25e-05,Yacceleration[gs],-6.25e-05,Zacceleration[gs],-6.25e-05,Temperature[C],19,Address,db60
Time[s],238.35,Xacceleration[gs],-6.25e-05,Yacceleration[gs],-6.25e-05,Zacceleration[gs],-6.25e-05,Temperature[C],19,Address,db60
Time[s],239.43,Xacceleration[gs],-6.25e-05,Yacceleration[gs],-6.25e-05,Zacceleration[gs],-6.25e-05,Temperature[C],19,Address,db60
Time[s],240.35,Xacceleration[gs],-6.25e-05,Yacceleration[gs],-6.25e-05,Zacceleration[gs],-6.25e-05,Temperature[C],19,Address,db60
Time[s],241.36,Xacceleration[gs],-6.25e-05,Yacceleration[gs],-6.25e-05,Zacceleration[gs],-6.25e-05,Temperature[C],19,Address,db60
Time[s],242.42,Xacceleration[gs],-6.25e-05,Yacceleration[gs],-6.25e-05,Zacceleration[gs],-6.25e-05,Temperature[C],19,Address,db60
Time[s],243.37,Xacceleration[gs],-6.25e-05,Yacceleration[gs],-6.25e-05,Zacceleration[gs],-6.25e-05,Temperature[C],19,Address,db60
Time[s],244.49,Xacceleration[gs],-6.25e-05,Yacceleration[gs],-6.25e-05,Zacceleration[gs],-6.25e-05,Temperature[C],19,Address,db60
Time[s],245.41,Xacceleration[gs],-6.25e-05,Yacceleration[gs],-6.25e-05,Zacceleration[gs],-6.25e-05,Temperature[C],19,Address,db60
Time[s],246.39,Xacceleration[gs],-6.25e-05,Yacceleration[gs],-6.25e-05,Zacceleration[gs],-6.25e-05,Temperature[C],19,Address,db60
Time[s],247.48,Xacceleration[gs],-6.25e-05,Yacceleration[gs],-6.25e-05,Zacceleration[gs],-6.25e-05,Temperature[C],19,Address,db60
Time[s],248.4,Xacceleration[gs],-6.25e-05,Yacceleration[gs],-6.25e-05,Zacceleration[gs],-6.25e-05,Temperature[C],19,Address,db60
Time[s],249.41,Xacceleration[gs],-6.25e-05,Yacceleration[gs],-6.25e-05,Zacceleration[gs],-6.25e-05,Temperature[C],19,Address,db60
Time[s],250.47,Xacceleration[gs],-6.25e-05,Yacceleration[gs],-6.25e-05,Zacceleration[gs],-6.25e-05,Temperature[C],19,Address,db60
Time[s],251.42,Xacceleration[gs],-6.25e-05,Yacceleration[gs],-6.25e-05,Zacceleration[gs],-6.25e-05,Temperature[C],19,Address,db60
Time[s],252.54,Xacceleration[gs],-6.25e-05,Yacceleration[gs],-6.25e-05,Zacceleration[gs],-6.25e-05,Temperature[C],19,Address,db60
Time[s],253.46,Xacceleration[gs],-6.25e-05,Yacceleration[gs],-6.25e-05,Zacceleration[gs],-6.25e-05,Temperature[C],19,Address,db60
Time[s],254.44,Xacceleration[gs],-6.25e-05,Yacceleration[gs],-6.25e-05,Zacceleration[gs],-6.25e-05,Temperature[C],19,Address,db60
Time[s],255.53,Xacceleration[gs],-6.25e-05,Yacceleration[gs],-6.25e-05,Zacceleration[gs],-6.25e-05,Temperature[C],19,Address,db60
Time[s],256.45,Xacceleration[gs],-6.25e-05,Yacceleration[gs],-6.25e-05,Zacceleration[gs],-6.25e-05,Temperature[C],19,Address,db60
Time[s],257.46,Xacceleration[gs],-6.25e-05,Yacceleration[gs],-6.25e-05,Zacceleration[gs],-6.25e-05,Temperature[C],19,Address,db60
Time[s],258.52,Xacceleration[gs],-6.25e-05,Yacceleration[gs],-6.25e-05,Zacceleration[gs],-6.25e-05,Temperature[C],19,Address,db60
Time[s],259.47,Xacceleration[gs],-6.25e-05,Yacceleration[gs],-6.25e-05,Zacceleration[gs],-6.25e-05,Temperature[C],19,Address,db60
Time[s],260.6,Xacceleration[gs],-6.25e-05,Yacceleration[gs],-6.25e-05,Zacceleration[gs],-6.25e-05,Temperature[C],19,Address,db60
Time[s],261.51,Xacceleration[gs],-6.25e-05,Yacceleration[gs],-6.25e-05,Zacceleration[gs],-6.25e-05,Temperature[C],19,Address,db60
Time[s],262.49,Xacceleration[gs],-6.25e-05,Yacceleration[gs],-6.25e-05,Zacceleration[gs],-6.25e-05,Temperature[C],19,Address,db60
Time[s],263.6,Xacceleration[gs],-6.25e-05,Yacceleration[gs],-6.25e-05,Zacceleration[gs],-6.25e-05,Temperature[C],19,Address,db60
Time[s],264.51,Xacceleration[gs],-6.25e-05,Yacceleration[gs],-6.25e-05,Zacceleration[gs],-6.25e-05,Temperature[C],19,Address,db60
Time[s],265.51,Xacceleration[gs],-6.25e-05,Yacceleration[gs],-6.25e-05,Zacceleration[gs],-6.25e-05,Temperature[C],19,Address,db60
Time[s],266.57,Xacceleration[gs],-6.25e-05,Yacceleration[gs],-6.25e-05,Zacceleration[gs],-6.25e-05,Temperature[C],19,Address,db60
Time[s],267.52,Xacceleration[gs],-6.25e-05,Yacceleration[gs],-6.25e-05,Zacceleration[gs],-6.25e-05,Temperature[C],19,Address,db60
Time[s],268.64,Xacceleration[gs],-6.25e-05,Yacceleration[gs],-6.25e-05,Zacceleration[gs],-6.25e-05,Temperature[C],19,Address,db60
Time[s],269.56,Xacceleration[gs],-6.25e-05,Yacceleration[gs],-6.25e-05,Zacceleration[gs],-6.25e-05,Temperature[C],19,Address,db60
Time[s],270.54,Xacceleration[gs],-6.25e-05,Yacceleration[gs],-6.25e-05,Zacceleration[gs],-6.25e-05,Temperature[C],19,Address,db60
Time[s],271.63,Xacceleration[gs],-6.25e-05,Yacceleration[gs],-6.25e-05,Zacceleration[gs],-6.25e-05,Temperature[C],19,Address,db60
Time[s],272.55,Xacceleration[gs],-6.25e-05,Yacceleration[gs],-6.25e-05,Zacceleration[gs],-6.25e-05,Temperature[C],19,Address,db60
Time[s],273.56,Xacceleration[gs],-6.25e-05,Yacceleration[gs],-6.25e-05,Zacceleration[gs],-6.25e-05,Temperature[C],19,Address,db60
Time[s],274.62,Xacceleration[gs],-6.25e-05,Yacceleration[gs],-6.25e-05,Zacceleration[gs],-6.25e-05,Temperature[C],19,Address,db60
Time[s],275.57,Xacceleration[gs],-6.25e-05,Yacceleration[gs],-6.25e-05,Zacceleration[gs],-6.25e-05,Temperature[C],19,Address,db60
Time[s],276.69,Xacceleration[gs],-6.25e-05,Yacceleration[gs],-6.25e-05,Zacceleration[gs],-6.25e-05,Temperature[C],19,Address,db60
Time[s],277.61,Xacceleration[gs],-6.25e-05,Yacceleration[gs],-6.25e-05,Zacceleration[gs],-6.25e-05,Temperature[C],19,Address,db60
Time[s],278.59,Xacceleration[gs],-6.25e-05,Yacceleration[gs],-6.25e-05,Zacceleration[gs],-6.25e-05,Temperature[C],19,Address,db60
Time[s],279.68,Xacceleration[gs],-6.25e-05,Yacceleration[gs],-6.25e-05,Zacceleration[gs],-6.25e-05,Temperature[C],19,Address,db60
Time[s],280.6,Xacceleration[gs],-6.25e-05,Yacceleration[gs],-6.25e-05,Zacceleration[gs],-6.25e-05,Temperature[C],19,Address,db60
Time[s],281.61,Xacceleration[gs],-6.25e-05,Yacceleration[gs],-6.25e-05,Zacceleration[gs],-6.25e-05,Temperature[C],19,Address,db60
Time[s],282.67,Xacceleration[gs],-6.25e-05,Yacceleration[gs],-6.25e-05,Zacceleration[gs],-6.25e-05,Temperature[C],19,Address,db60
Time[s],283.62,Xacceleration[gs],-6.25e-05,Yacceleration[gs],-6.25e-05,Zacceleration[gs],-6.25e-05,Temperature[C],19,Address,db60
Time[s],284.74,Xacceleration[gs],-6.25e-05,Yacceleration[gs],-6.25e-05,Zacceleration[gs],-6.25e-05,Temperature[C],19,Address,db60
Time[s],285.66,Xacceleration[gs],-6.25e-05,Yacceleration[gs],-6.25e-05,Zacceleration[gs],-6.25e-05,Temperature[C],19,Address,db60
Time[s],286.64,Xacceleration[gs],-6.25e-05,Yacceleration[gs],-6.25e-05,Zacceleration[gs],-6.25e-05,Temperature[C],19,Address,db60
Time[s],287.73,Xacceleration[gs],-6.25e-05,Yacceleration[gs],-6.25e-05,Zacceleration[gs],-6.25e-05,Temperature[C],19,Address,db60
Time[s],288.65,Xacceleration[gs],-6.25e-05,Yacceleration[gs],-6.25e-05,Zacceleration[gs],-6.25e-05,Temperature[C],19,Address,db60
Time[s],289.66,Xacceleration[gs],-6.25e-05,Yacceleration[gs],-6.25e-05,Zacceleration[gs],-6.25e-05,Temperature[C],19,Address,db60
Time[s],290.72,Xacceleration[gs],-6.25e-05,Yacceleration[gs],-6.25e-05,Zacceleration[gs],-6.25e-05,Temperature[C],19,Address,db60
Time[s],291.67,Xacceleration[gs],-6.25e-05,Yacceleration[gs],-6.25e-05,Zacceleration[gs],-6.25e-05,Temperature[C],19,Address,db60
Time[s],292.79,Xacceleration[gs],-6.25e-05,Yacceleration[gs],-6.25e-05,Zacceleration[gs],-6.25e-05,Temperature[C],19,Address,db60
Time[s],293.71,Xacceleration[gs],-6.25e-05,Yacceleration[gs],-6.25e-05,Zacceleration[gs],-6.25e-05,Temperature[C],19,Address,db60
Time[s],294.69,Xacceleration[gs],-6.25e-05,Yacceleration[gs],-6.25e-05,Zacceleration[gs],-6.25e-05,Temperature[C],19,Address,db60
Time[s],295.78,Xacceleration[gs],-6.25e-05,Yacceleration[gs],-6.25e-05,Zacceleration[gs],-6.25e-05,Temperature[C],19,Address,db60
Time[s],296.7,Xacceleration[gs],-6.25e-05,Yacceleration[gs],-6.25e-05,Zacceleration[gs],-6.25e-05,Temperature[C],19,Address,db60
Time[s],297.71,Xacceleration[gs],-6.25e-05,Yacceleration[gs],-6.25e-05,Zacceleration[gs],-6.25e-05,Temperature[C],19,Address,db60
Time[s],298.77,Xacceleration[gs],-6.25e-05,Yacceleration[gs],-6.25e-05,Zacceleration[gs],-6.25e-05,Temperature[C],19,Address,db60
Time[s],299.72,Xacceleration[gs],-6.25e-05,Yacceleration[gs],-6.25e-05,Zacceleration[gs],-6.25e-05,Temperature[C],19,Address,db60
Time[s],300.84,Xacceleration[gs],-6.25e-05,Yacceleration[gs],-6.25e-05,Zacceleration[gs],-6.25e-05,Temperature[C],19,Address,db60
Time[s],301.76,Xacceleration[gs],-6.25e-05,Yacceleration[gs],-6.25e-05,Zacceleration[gs],-6.25e-05,Temperature[C],19,Address,db60
Time[s],302.74,Xacceleration[gs],-6.25e-05,Yacceleration[gs],-6.25e-05,Zacceleration[gs],-6.25e-05,Temperature[C],19,Address,db60
Time[s],303.83,Xacceleration[gs],-6.25e-05,Yacceleration[gs],-6.25e-05,Zacceleration[gs],-6.25e-05,Temperature[C],19,Address,db60
Time[s],304.76,Xacceleration[gs],-6.25e-05,Yacceleration[gs],-6.25e-05,Zacceleration[gs],-6.25e-05,Temperature[C],19,Address,db60
Time[s],305.76,Xacceleration[gs],-6.25e-05,Yacceleration[gs],-6.25e-05,Zacceleration[gs],-6.25e-05,Temperature[C],19,Address,db60
Time[s],306.82,Xacceleration[gs],-6.25e-05,Yacceleration[gs],-6.25e-05,Zacceleration[gs],-6.25e-05,Temperature[C],19,Address,db60
Time[s],307.77,Xacceleration[gs],-6.25e-05,Yacceleration[gs],-6.25e-05,Zacceleration[gs],-6.25e-05,Temperature[C],19,Address,db60
Time[s],308.89,Xacceleration[gs],-6.25e-05,Yacceleration[gs],-6.25e-05,Zacceleration[gs],-6.25e-05,Temperature[C],19,Address,db60
Time[s],309.82,Xacceleration[gs],-6.25e-05,Yacceleration[gs],-6.25e-05,Zacceleration[gs],-6.25e-05,Temperature[C],19,Address,db60
Time[s],310.81,Xacceleration[gs],-6.25e-05,Yacceleration[gs],-6.25e-05,Zacceleration[gs],-6.25e-05,Temperature[C],19,Address,db60
Time[s],311.88,Xacceleration[gs],-6.25e-05,Yacceleration[gs],-6.25e-05,Zacceleration[gs],-6.25e-05,Temperature[C],19,Address,db60
Time[s],312.8,Xacceleration[gs],-6.25e-05,Yacceleration[gs],-6.25e-05,Zacceleration[gs],-6.25e-05,Temperature[C],19,Address,db60
Time[s],313.81,Xacceleration[gs],-6.25e-05,Yacceleration[gs],-6.25e-05,Zacceleration[gs],-6.25e-05,Temperature[C],19,Address,db60
Time[s],314.87,Xacceleration[gs],-6.25e-05,Yacceleration[gs],-6.25e-05,Zacceleration[gs],-6.25e-05,Temperature[C],19,Address,db60
Time[s],315.85,Xacceleration[gs],-6.25e-05,Yacceleration[gs],-6.25e-05,Zacceleration[gs],-6.25e-05,Temperature[C],19,Address,db60
Time[s],316.94,Xacceleration[gs],-6.25e-05,Yacceleration[gs],-6.25e-05,Zacceleration[gs],-6.25e-05,Temperature[C],19,Address,db60
Time[s],317.86,Xacceleration[gs],-6.25e-05,Yacceleration[gs],-6.25e-05,Zacceleration[gs],-6.25e-05,Temperature[C],19,Address,db60
Time[s],318.84,Xacceleration[gs],-6.25e-05,Yacceleration[gs],-6.25e-05,Zacceleration[gs],-6.25e-05,Temperature[C],19,Address,db60
Time[s],319.93,Xacceleration[gs],-6.25e-05,Yacceleration[gs],-6.25e-05,Zacceleration[gs],-6.25e-05,Temperature[C],19,Address,db60
Time[s],320.85,Xacceleration[gs],-6.25e-05,Yacceleration[gs],-6.25e-05,Zacceleration[gs],-6.25e-05,Temperature[C],19,Address,db60
Time[s],321.86,Xacceleration[gs],-6.25e-05,Yacceleration[gs],-6.25e-05,Zacceleration[gs],-6.25e-05,Temperature[C],19,Address,db60
Time[s],322.92,Xacceleration[gs],-6.25e-05,Yacceleration[gs],-6.25e-05,Zacceleration[gs],-6.25e-05,Temperature[C],19,Address,db60
Time[s],323.87,Xacceleration[gs],-6.25e-05,Yacceleration[gs],-6.25e-05,Zacceleration[gs],-6.25e-05,Temperature[C],19,Address,db60
Time[s],324.99,Xacceleration[gs],-6.25e-05,Yacceleration[gs],-6.25e-05,Zacceleration[gs],-6.25e-05,Temperature[C],19,Address,db60
Time[s],325.91,Xacceleration[gs],-6.25e-05,Yacceleration[gs],-6.25e-05,Zacceleration[gs],-6.25e-05,Temperature[C],19,Address,db60
Time[s],326.89,Xacceleration[gs],-6.25e-05,Yacceleration[gs],-6.25e-05,Zacceleration[gs],-6.25e-05,Temperature[C],19,Address,db60
Time[s],327.98,Xacceleration[gs],-6.25e-05,Yacceleration[gs],-6.25e-05,Zacceleration[gs],-6.25e-05,Temperature[C],19,Address,db60
Time[s],328.9,Xacceleration[gs],-6.25e-05,Yacceleration[gs],-6.25e-05,Zacceleration[gs],-6.25e-05,Temperature[C],19,Address,db60
Time[s],329.91,Xacceleration[gs],-6.25e-05,Yacceleration[gs],-6.25e-05,Zacceleration[gs],-6.25e-05,Temperature[C],19,Address,db60
Time[s],330.97,Xacceleration[gs],-6.25e-05,Yacceleration[gs],-6.25e-05,Zacceleration[gs],-6.25e-05,Temperature[C],19,Address,db60
Time[s],331.92,Xacceleration[gs],-6.25e-05,Yacceleration[gs],-6.25e-05,Zacceleration[gs],-6.25e-05,Temperature[C],19,Address,db60
Time[s],333.04,Xacceleration[gs],-6.25e-05,Yacceleration[gs],-6.25e-05,Zacceleration[gs],-6.25e-05,Temperature[C],19,Address,db60
Time[s],333.96,Xacceleration[gs],-6.25e-05,Yacceleration[gs],-6.25e-05,Zacceleration[gs],-6.25e-05,Temperature[C],19,Address,db60
Time[s],334.94,Xacceleration[gs],-6.25e-05,Yacceleration[gs],-6.25e-05,Zacceleration[gs],-6.25e-05,Temperature[C],19,Address,db60
Time[s],336.03,Xacceleration[gs],-6.25e-05,Yacceleration[gs],-6.25e-05,Zacceleration[gs],-6.25e-05,Temperature[C],19,Address,db60
Time[s],336.95,Xacceleration[gs],-6.25e-05,Yacceleration[gs],-6.25e-05,Zacceleration[gs],-6.25e-05,Temperature[C],19,Address,db60
Time[s],337.96,Xacceleration[gs],-6.25e-05,Yacceleration[gs],-6.25e-05,Zacceleration[gs],-6.25e-05,Temperature[C],19,Address,db60
Time[s],339.02,Xacceleration[gs],-6.25e-05,Yacceleration[gs],-6.25e-05,Zacceleration[gs],-6.25e-05,Temperature[C],19,Address,db60
Time[s],339.97,Xacceleration[gs],-6.25e-05,Yacceleration[gs],-6.25e-05,Zacceleration[gs],-6.25e-05,Temperature[C],19,Address,db60
Time[s],341.12,Xacceleration[gs],-6.25e-05,Yacceleration[gs],-6.25e-05,Zacceleration[gs],-6.25e-05,Temperature[C],19,Address,db60
Time[s],342.01,Xacceleration[gs],-6.25e-05,Yacceleration[gs],-6.25e-05,Zacceleration[gs],-6.25e-05,Temperature[C],19,Address,db60
Time[s],342.99,Xacceleration[gs],-6.25e-05,Yacceleration[gs],-6.25e-05,Zacceleration[gs],-6.25e-05,Temperature[C],19,Address,db60
Time[s],344.08,Xacceleration[gs],-6.25e-05,Yacceleration[gs],-6.25e-05,Zacceleration[gs],-6.25e-05,Temperature[C],19,Address,db60
Time[s],345.0,Xacceleration[gs],-6.25e-05,Yacceleration[gs],-6.25e-05,Zacceleration[gs],-6.25e-05,Temperature[C],19,Address,db60
Time[s],346.01,Xacceleration[gs],-6.25e-05,Yacceleration[gs],-6.25e-05,Zacceleration[gs],-6.25e-05,Temperature[C],19,Address,db60
Time[s],347.07,Xacceleration[gs],-6.25e-05,Yacceleration[gs],-6.25e-05,Zacceleration[gs],-6.25e-05,Temperature[C],19,Address,db60
Time[s],348.02,Xacceleration[gs],-6.25e-05,Yacceleration[gs],-6.25e-05,Zacceleration[gs],-6.25e-05,Temperature[C],19,Address,db60
Time[s],349.14,Xacceleration[gs],-6.25e-05,Yacceleration[gs],-6.25e-05,Zacceleration[gs],-6.25e-05,Temperature[C],19,Address,db60
Time[s],350.06,Xacceleration[gs],-6.25e-05,Yacceleration[gs],-6.25e-05,Zacceleration[gs],-6.25e-05,Temperature[C],19,Address,db60
Time[s],351.04,Xacceleration[gs],-6.25e-05,Yacceleration[gs],-6.25e-05,Zacceleration[gs],-6.25e-05,Temperature[C],19,Address,db60
Time[s],352.13,Xacceleration[gs],-6.25e-05,Yacceleration[gs],-6.25e-05,Zacceleration[gs],-6.25e-05,Temperature[C],19,Address,db60
Time[s],353.05,Xacceleration[gs],-6.25e-05,Yacceleration[gs],-6.25e-05,Zacceleration[gs],-6.25e-05,Temperature[C],19,Address,db60
Time[s],354.06,Xacceleration[gs],-6.25e-05,Yacceleration[gs],-6.25e-05,Zacceleration[gs],-6.25e-05,Temperature[C],19,Address,db60
Time[s],355.12,Xacceleration[gs],-6.25e-05,Yacceleration[gs],-6.25e-05,Zacceleration[gs],-6.25e-05,Temperature[C],19,Address,db60
Time[s],356.07,Xacceleration[gs],-6.25e-05,Yacceleration[gs],-6.25e-05,Zacceleration[gs],-6.25e-05,Temperature[C],19,Address,db60
Time[s],357.19,Xacceleration[gs],-6.25e-05,Yacceleration[gs],-6.25e-05,Zacceleration[gs],-6.25e-05,Temperature[C],19,Address,db60
Time[s],358.11,Xacceleration[gs],-6.25e-05,Yacceleration[gs],-6.25e-05,Zacceleration[gs],-6.25e-05,Temperature[C],19,Address,db60
Time[s],359.09,Xacceleration[gs],-6.25e-05,Yacceleration[gs],-6.25e-05,Zacceleration[gs],-6.25e-05,Temperature[C],19,Address,db60
Time[s],360.18,Xacceleration[gs],-6.25e-05,Yacceleration[gs],-6.25e-05,Zacceleration[gs],-6.25e-05,Temperature[C],19,Address,db60
Time[s],361.1,Xacceleration[gs],-6.25e-05,Yacceleration[gs],-6.25e-05,Zacceleration[gs],-6.25e-05,Temperature[C],19,Address,db60
Time[s],362.11,Xacceleration[gs],-6.25e-05,Yacceleration[gs],-6.25e-05,Zacceleration[gs],-6.25e-05,Temperature[C],19,Address,db60
Time[s],363.17,Xacceleration[gs],-6.25e-05,Yacceleration[gs],-6.25e-05,Zacceleration[gs],-6.25e-05,Temperature[C],19,Address,db60
Time[s],364.12,Xacceleration[gs],-6.25e-05,Yacceleration[gs],-6.25e-05,Zacceleration[gs],-6.25e-05,Temperature[C],19,Address,db60
Time[s],365.24,Xacceleration[gs],-6.25e-05,Yacceleration[gs],-6.25e-05,Zacceleration[gs],-6.25e-05,Temperature[C],19,Address,db60
Time[s],366.16,Xacceleration[gs],-6.25e-05,Yacceleration[gs],-6.25e-05,Zacceleration[gs],-6.25e-05,Temperature[C],19,Address,db60
Time[s],367.14,Xacceleration[gs],-6.25e-05,Yacceleration[gs],-6.25e-05,Zacceleration[gs],-6.25e-05,Temperature[C],19,Address,db60
Time[s],368.23,Xacceleration[gs],-6.25e-05,Yacceleration[gs],-6.25e-05,Zacceleration[gs],-6.25e-05,Temperature[C],19,Address,db60
Time[s],369.15,Xacceleration[gs],-6.25e-05,Yacceleration[gs],-6.25e-05,Zacceleration[gs],-6.25e-05,Temperature[C],19,Address,db60
Time[s],370.16,Xacceleration[gs],-6.25e-05,Yacceleration[gs],-6.25e-05,Zacceleration[gs],-6.25e-05,Temperature[C],19,Address,db60
Time[s],371.22,Xacceleration[gs],-6.25e-05,Yacceleration[gs],-6.25e-05,Zacceleration[gs],-6.25e-05,Temperature[C],19,Address,db60
Time[s],372.17,Xacceleration[gs],-6.25e-05,Yacceleration[gs],-6.25e-05,Zacceleration[gs],-6.25e-05,Temperature[C],19,Address,db60
Time[s],373.29,Xacceleration[gs],-6.25e-05,Yacceleration[gs],-6.25e-05,Zacceleration[gs],-6.25e-05,Temperature[C],19,Address,db60
Time[s],374.21,Xacceleration[gs],-6.25e-05,Yacceleration[gs],-6.25e-05,Zacceleration[gs],-6.25e-05,Temperature[C],19,Address,db60
Time[s],375.19,Xacceleration[gs],-6.25e-05,Yacceleration[gs],-6.25e-05,Zacceleration[gs],-6.25e-05,Temperature[C],19,Address,db60
Time[s],376.28,Xacceleration[gs],-6.25e-05,Yacceleration[gs],-6.25e-05,Zacceleration[gs],-6.25e-05,Temperature[C],19,Address,db60
Time[s],377.2,Xacceleration[gs],-6.25e-05,Yacceleration[gs],-6.25e-05,Zacceleration[gs],-6.25e-05,Temperature[C],19,Address,db60
Time[s],378.21,Xacceleration[gs],-6.25e-05,Yacceleration[gs],-6.25e-05,Zacceleration[gs],-6.25e-05,Temperature[C],19,Address,db60
Time[s],379.28,Xacceleration[gs],-6.25e-05,Yacceleration[gs],-6.25e-05,Zacceleration[gs],-6.25e-05,Temperature[C],19,Address,db60
Time[s],380.22,Xacceleration[gs],-6.25e-05,Yacceleration[gs],-6.25e-05,Zacceleration[gs],-6.25e-05,Temperature[C],19,Address,db60
Time[s],381.34,Xacceleration[gs],-6.25e-05,Yacceleration[gs],-6.25e-05,Zacceleration[gs],-6.25e-05,Temperature[C],19,Address,db60
Time[s],382.26,Xacceleration[gs],-6.25e-05,Yacceleration[gs],-6.25e-05,Zacceleration[gs],-6.25e-05,Temperature[C],19,Address,db60
Time[s],383.24,Xacceleration[gs],-6.25e-05,Yacceleration[gs],-6.25e-05,Zacceleration[gs],-6.25e-05,Temperature[C],19,Address,db60
Time[s],384.33,Xacceleration[gs],-6.25e-05,Yacceleration[gs],-6.25e-05,Zacceleration[gs],-6.25e-05,Temperature[C],19,Address,db60
Time[s],385.25,Xacceleration[gs],-6.25e-05,Yacceleration[gs],-6.25e-05,Zacceleration[gs],-6.25e-05,Temperature[C],19,Address,db60
Time[s],386.26,Xacceleration[gs],-6.25e-05,Yacceleration[gs],-6.25e-05,Zacceleration[gs],-6.25e-05,Temperature[C],19,Address,db60
Time[s],387.32,Xacceleration[gs],-6.25e-05,Yacceleration[gs],-6.25e-05,Zacceleration[gs],-6.25e-05,Temperature[C],19,Address,db60
Time[s],388.27,Xacceleration[gs],-6.25e-05,Yacceleration[gs],-6.25e-05,Zacceleration[gs],-6.25e-05,Temperature[C],19,Address,db60
Time[s],389.39,Xacceleration[gs],-6.25e-05,Yacceleration[gs],-6.25e-05,Zacceleration[gs],-6.25e-05,Temperature[C],19,Address,db60
Time[s],390.33,Xacceleration[gs],-6.25e-05,Yacceleration[gs],-6.25e-05,Zacceleration[gs],-6.25e-05,Temperature[C],19,Address,db60
Time[s],391.29,Xacceleration[gs],-6.25e-05,Yacceleration[gs],-6.25e-05,Zacceleration[gs],-6.25e-05,Temperature[C],19,Address,db60
Time[s],392.38,Xacceleration[gs],-6.25e-05,Yacceleration[gs],-6.25e-05,Zacceleration[gs],-6.25e-05,Temperature[C],19,Address,db60
Time[s],393.3,Xacceleration[gs],-6.25e-05,Yacceleration[gs],-6.25e-05,Zacceleration[gs],-6.25e-05,Temperature[C],19,Address,db60
Time[s],394.31,Xacceleration[gs],-6.25e-05,Yacceleration[gs],-6.25e-05,Zacceleration[gs],-6.25e-05,Temperature[C],19,Address,db60
Time[s],395.37,Xacceleration[gs],-6.25e-05,Yacceleration[gs],-6.25e-05,Zacceleration[gs],-6.25e-05,Temperature[C],19,Address,db60
Time[s],396.32,Xacceleration[gs],-6.25e-05,Yacceleration[gs],-6.25e-05,Zacceleration[gs],-6.25e-05,Temperature[C],19,Address,db60
Time[s],397.44,Xacceleration[gs],-6.25e-05,Yacceleration[gs],-6.25e-05,Zacceleration[gs],-6.25e-05,Temperature[C],19,Address,db60
Time[s],398.36,Xacceleration[gs],-6.25e-05,Yacceleration[gs],-6.25e-05,Zacceleration[gs],-6.25e-05,Temperature[C],19,Address,db60
Time[s],399.34,Xacceleration[gs],-6.25e-05,Yacceleration[gs],-6.25e-05,Zacceleration[gs],-6.25e-05,Temperature[C],19,Address,db60
Time[s],400.43,Xacceleration[gs],-6.25e-05,Yacceleration[gs],-6.25e-05,Zacceleration[gs],-6.25e-05,Temperature[C],19,Address,db60
Time[s],401.35,Xacceleration[gs],-6.25e-05,Yacceleration[gs],-6.25e-05,Zacceleration[gs],-6.25e-05,Temperature[C],19,Address,db60
Time[s],402.36,Xacceleration[gs],-6.25e-05,Yacceleration[gs],-6.25e-05,Zacceleration[gs],-6.25e-05,Temperature[C],19,Address,db60
Time[s],403.42,Xacceleration[gs],-6.25e-05,Yacceleration[gs],-6.25e-05,Zacceleration[gs],-6.25e-05,Temperature[C],19,Address,db60
Time[s],404.37,Xacceleration[gs],-6.25e-05,Yacceleration[gs],-6.25e-05,Zacceleration[gs],-6.25e-05,Temperature[C],19,Address,db60
Time[s],405.49,Xacceleration[gs],-6.25e-05,Yacceleration[gs],-6.25e-05,Zacceleration[gs],-6.25e-05,Temperature[C],19,Address,db60
Time[s],406.41,Xacceleration[gs],-6.25e-05,Yacceleration[gs],-6.25e-05,Zacceleration[gs],-6.25e-05,Temperature[C],19,Address,db60
Time[s],407.39,Xacceleration[gs],-6.25e-05,Yacceleration[gs],-6.25e-05,Zacceleration[gs],-6.25e-05,Temperature[C],19,Address,db60
Time[s],408.48,Xacceleration[gs],-6.25e-05,Yacceleration[gs],-6.25e-05,Zacceleration[gs],-6.25e-05,Temperature[C],19,Address,db60
Time[s],409.4,Xacceleration[gs],-6.25e-05,Yacceleration[gs],-6.25e-05,Zacceleration[gs],-6.25e-05,Temperature[C],19,Address,db60
Time[s],410.41,Xacceleration[gs],-6.25e-05,Yacceleration[gs],-6.25e-05,Zacceleration[gs],-6.25e-05,Temperature[C],19,Address,db60
Time[s],411.47,Xacceleration[gs],-6.25e-05,Yacceleration[gs],-6.25e-05,Zacceleration[gs],-6.25e-05,Temperature[C],19,Address,db60
Time[s],412.42,Xacceleration[gs],-6.25e-05,Yacceleration[gs],-6.25e-05,Zacceleration[gs],-6.25e-05,Temperature[C],19,Address,db60
Time[s],413.54,Xacceleration[gs],-6.25e-05,Yacceleration[gs],-6.25e-05,Zacceleration[gs],-6.25e-05,Temperature[C],19,Address,db60
Time[s],414.46,Xacceleration[gs],-6.25e-05,Yacceleration[gs],-6.25e-05,Zacceleration[gs],-6.25e-05,Temperature[C],19,Address,db60
Time[s],415.46,Xacceleration[gs],-6.25e-05,Yacceleration[gs],-6.25e-05,Zacceleration[gs],-6.25e-05,Temperature[C],19,Address,db60
Time[s],416.53,Xacceleration[gs],-6.25e-05,Yacceleration[gs],-6.25e-05,Zacceleration[gs],-6.25e-05,Temperature[C],19,Address,db60
Time[s],417.45,Xacceleration[gs],-6.25e-05,Yacceleration[gs],-6.25e-05,Zacceleration[gs],-6.25e-05,Temperature[C],19,Address,db60
Time[s],418.46,Xacceleration[gs],-6.25e-05,Yacceleration[gs],-6.25e-05,Zacceleration[gs],-6.25e-05,Temperature[C],19,Address,db60
Time[s],419.52,Xacceleration[gs],-6.25e-05,Yacceleration[gs],-6.25e-05,Zacceleration[gs],-6.25e-05,Temperature[C],19,Address,db60
Time[s],420.47,Xacceleration[gs],-6.25e-05,Yacceleration[gs],-6.25e-05,Zacceleration[gs],-6.25e-05,Temperature[C],19,Address,db60
Time[s],421.62,Xacceleration[gs],-6.25e-05,Yacceleration[gs],-6.25e-05,Zacceleration[gs],-6.25e-05,Temperature[C],19,Address,db60
Time[s],422.51,Xacceleration[gs],-6.25e-05,Yacceleration[gs],-6.25e-05,Zacceleration[gs],-6.25e-05,Temperature[C],19,Address,db60
Time[s],423.49,Xacceleration[gs],-6.25e-05,Yacceleration[gs],-6.25e-05,Zacceleration[gs],-6.25e-05,Temperature[C],19,Address,db60
Time[s],424.58,Xacceleration[gs],-6.25e-05,Yacceleration[gs],-6.25e-05,Zacceleration[gs],-6.25e-05,Temperature[C],19,Address,db60
Time[s],425.5,Xacceleration[gs],-6.25e-05,Yacceleration[gs],-6.25e-05,Zacceleration[gs],-6.25e-05,Temperature[C],19,Address,db60
Time[s],426.51,Xacceleration[gs],-6.25e-05,Yacceleration[gs],-6.25e-05,Zacceleration[gs],-6.25e-05,Temperature[C],19,Address,db60
Time[s],427.57,Xacceleration[gs],-6.25e-05,Yacceleration[gs],-6.25e-05,Zacceleration[gs],-6.25e-05,Temperature[C],19,Address,db60
Time[s],428.52,Xacceleration[gs],-6.25e-05,Yacceleration[gs],-6.25e-05,Zacceleration[gs],-6.25e-05,Temperature[C],19,Address,db60
Time[s],429.64,Xacceleration[gs],-6.25e-05,Yacceleration[gs],-6.25e-05,Zacceleration[gs],-6.25e-05,Temperature[C],19,Address,db60
Time[s],430.56,Xacceleration[gs],-6.25e-05,Yacceleration[gs],-6.25e-05,Zacceleration[gs],-6.25e-05,Temperature[C],19,Address,db60
Time[s],431.54,Xacceleration[gs],-6.25e-05,Yacceleration[gs],-6.25e-05,Zacceleration[gs],-6.25e-05,Temperature[C],19,Address,db60
Time[s],432.63,Xacceleration[gs],-6.25e-05,Yacceleration[gs],-6.25e-05,Zacceleration[gs],-6.25e-05,Temperature[C],19,Address,db60
Time[s],433.55,Xacceleration[gs],-6.25e-05,Yacceleration[gs],-6.25e-05,Zacceleration[gs],-6.25e-05,Temperature[C],19,Address,db60
Time[s],434.56,Xacceleration[gs],-6.25e-05,Yacceleration[gs],-6.25e-05,Zacceleration[gs],-6.25e-05,Temperature[C],19,Address,db60
Time[s],435.62,Xacceleration[gs],-6.25e-05,Yacceleration[gs],-6.25e-05,Zacceleration[gs],-6.25e-05,Temperature[C],19,Address,db60
Time[s],436.57,Xacceleration[gs],-6.25e-05,Yacceleration[gs],-6.25e-05,Zacceleration[gs],-6.25e-05,Temperature[C],19,Address,db60
Time[s],437.69,Xacceleration[gs],-6.25e-05,Yacceleration[gs],-6.25e-05,Zacceleration[gs],-6.25e-05,Temperature[C],19,Address,db60
Time[s],438.61,Xacceleration[gs],-6.25e-05,Yacceleration[gs],-6.25e-05,Zacceleration[gs],-6.25e-05,Temperature[C],19,Address,db60
Time[s],439.59,Xacceleration[gs],-6.25e-05,Yacceleration[gs],-6.25e-05,Zacceleration[gs],-6.25e-05,Temperature[C],19,Address,db60
Time[s],440.68,Xacceleration[gs],-6.25e-05,Yacceleration[gs],-6.25e-05,Zacceleration[gs],-6.25e-05,Temperature[C],19,Address,db60
Time[s],441.63,Xacceleration[gs],-6.25e-05,Yacceleration[gs],-6.25e-05,Zacceleration[gs],-6.25e-05,Temperature[C],19,Address,db60
Time[s],442.61,Xacceleration[gs],-6.25e-05,Yacceleration[gs],-6.25e-05,Zacceleration[gs],-6.25e-05,Temperature[C],19,Address,db60
Time[s],443.67,Xacceleration[gs],-6.25e-05,Yacceleration[gs],-6.25e-05,Zacceleration[gs],-6.25e-05,Temperature[C],19,Address,db60
Time[s],444.62,Xacceleration[gs],-6.25e-05,Yacceleration[gs],-6.25e-05,Zacceleration[gs],-6.25e-05,Temperature[C],19,Address,db60
Time[s],445.74,Xacceleration[gs],-6.25e-05,Yacceleration[gs],-6.25e-05,Zacceleration[gs],-6.25e-05,Temperature[C],19,Address,db60
Time[s],446.66,Xacceleration[gs],-6.25e-05,Yacceleration[gs],-6.25e-05,Zacceleration[gs],-6.25e-05,Temperature[C],19,Address,db60
Time[s],447.64,Xacceleration[gs],-6.25e-05,Yacceleration[gs],-6.25e-05,Zacceleration[gs],-6.25e-05,Temperature[C],19,Address,db60
Time[s],448.73,Xacceleration[gs],-6.25e-05,Yacceleration[gs],-6.25e-05,Zacceleration[gs],-6.25e-05,Temperature[C],19,Address,db60
Time[s],449.65,Xacceleration[gs],-6.25e-05,Yacceleration[gs],-6.25e-05,Zacceleration[gs],-6.25e-05,Temperature[C],19,Address,db60
Time[s],450.66,Xacceleration[gs],-6.25e-05,Yacceleration[gs],-6.25e-05,Zacceleration[gs],-6.25e-05,Temperature[C],19,Address,db60
Time[s],451.72,Xacceleration[gs],-6.25e-05,Yacceleration[gs],-6.25e-05,Zacceleration[gs],-6.25e-05,Temperature[C],19,Address,db60
Time[s],452.67,Xacceleration[gs],-6.25e-05,Yacceleration[gs],-6.25e-05,Zacceleration[gs],-6.25e-05,Temperature[C],19,Address,db60
Time[s],453.79,Xacceleration[gs],-6.25e-05,Yacceleration[gs],-6.25e-05,Zacceleration[gs],-6.25e-05,Temperature[C],19,Address,db60
Time[s],454.71,Xacceleration[gs],-6.25e-05,Yacceleration[gs],-6.25e-05,Zacceleration[gs],-6.25e-05,Temperature[C],19,Address,db60
Time[s],455.69,Xacceleration[gs],-6.25e-05,Yacceleration[gs],-6.25e-05,Zacceleration[gs],-6.25e-05,Temperature[C],19,Address,db60
Time[s],456.78,Xacceleration[gs],-6.25e-05,Yacceleration[gs],-6.25e-05,Zacceleration[gs],-6.25e-05,Temperature[C],19,Address,db60
Time[s],457.7,Xacceleration[gs],-6.25e-05,Yacceleration[gs],-6.25e-05,Zacceleration[gs],-6.25e-05,Temperature[C],19,Address,db60
Time[s],458.71,Xacceleration[gs],-6.25e-05,Yacceleration[gs],-6.25e-05,Zacceleration[gs],-6.25e-05,Temperature[C],19,Address,db60
Time[s],459.77,Xacceleration[gs],-6.25e-05,Yacceleration[gs],-6.25e-05,Zacceleration[gs],-6.25e-05,Temperature[C],19,Address,db60
Time[s],460.72,Xacceleration[gs],-6.25e-05,Yacceleration[gs],-6.25e-05,Zacceleration[gs],-6.25e-05,Temperature[C],19,Address,db60
Time[s],461.84,Xacceleration[gs],-6.25e-05,Yacceleration[gs],-6.25e-05,Zacceleration[gs],-6.25e-05,Temperature[C],19,Address,db60
Time[s],462.76,Xacceleration[gs],-6.25e-05,Yacceleration[gs],-6.25e-05,Zacceleration[gs],-6.25e-05,Temperature[C],19,Address,db60
Time[s],463.74,Xacceleration[gs],-6.25e-05,Yacceleration[gs],-6.25e-05,Zacceleration[gs],-6.25e-05,Temperature[C],19,Address,db60
Time[s],464.83,Xacceleration[gs],-6.25e-05,Yacceleration[gs],-6.25e-05,Zacceleration[gs],-6.25e-05,Temperature[C],19,Address,db60
Time[s],465.75,Xacceleration[gs],-6.25e-05,Yacceleration[gs],-6.25e-05,Zacceleration[gs],-6.25e-05,Temperature[C],19,Address,db60
Time[s],466.76,Xacceleration[gs],-6.25e-05,Yacceleration[gs],-6.25e-05,Zacceleration[gs],-6.25e-05,Temperature[C],19,Address,db60
Time[s],467.82,Xacceleration[gs],-6.25e-05,Yacceleration[gs],-6.25e-05,Zacceleration[gs],-6.25e-05,Temperature[C],19,Address,db60
Time[s],468.77,Xacceleration[gs],-6.25e-05,Yacceleration[gs],-6.25e-05,Zacceleration[gs],-6.25e-05,Temperature[C],19,Address,db60
Time[s],469.89,Xacceleration[gs],-6.25e-05,Yacceleration[gs],-6.25e-05,Zacceleration[gs],-6.25e-05,Temperature[C],19,Address,db60
Time[s],470.81,Xacceleration[gs],-6.25e-05,Yacceleration[gs],-6.25e-05,Zacceleration[gs],-6.25e-05,Temperature[C],19,Address,db60
Time[s],471.79,Xacceleration[gs],-6.25e-05,Yacceleration[gs],-6.25e-05,Zacceleration[gs],-6.25e-05,Temperature[C],19,Address,db60
Time[s],472.88,Xacceleration[gs],-6.25e-05,Yacceleration[gs],-6.25e-05,Zacceleration[gs],-6.25e-05,Temperature[C],19,Address,db60
Time[s],473.81,Xacceleration[gs],-6.25e-05,Yacceleration[gs],-6.25e-05,Zacceleration[gs],-6.25e-05,Temperature[C],19,Address,db60
Time[s],474.81,Xacceleration[gs],-6.25e-05,Yacceleration[gs],-6.25e-05,Zacceleration[gs],-6.25e-05,Temperature[C],19,Address,db60
Time[s],475.87,Xacceleration[gs],-6.25e-05,Yacceleration[gs],-6.25e-05,Zacceleration[gs],-6.25e-05,Temperature[C],19,Address,db60
Time[s],476.84,Xacceleration[gs],-6.25e-05,Yacceleration[gs],-6.25e-05,Zacceleration[gs],-6.25e-05,Temperature[C],19,Address,db60
Time[s],477.94,Xacceleration[gs],-6.25e-05,Yacceleration[gs],-6.25e-05,Zacceleration[gs],-6.25e-05,Temperature[C],19,Address,db60
Time[s],478.86,Xacceleration[gs],-6.25e-05,Yacceleration[gs],-6.25e-05,Zacceleration[gs],-6.25e-05,Temperature[C],19,Address,db60
Time[s],479.84,Xacceleration[gs],-6.25e-05,Yacceleration[gs],-6.25e-05,Zacceleration[gs],-6.25e-05,Temperature[C],19,Address,db60
Time[s],480.93,Xacceleration[gs],-6.25e-05,Yacceleration[gs],-6.25e-05,Zacceleration[gs],-6.25e-05,Temperature[C],19,Address,db60
Time[s],481.85,Xacceleration[gs],-6.25e-05,Yacceleration[gs],-6.25e-05,Zacceleration[gs],-6.25e-05,Temperature[C],19,Address,db60
Time[s],482.86,Xacceleration[gs],-6.25e-05,Yacceleration[gs],-6.25e-05,Zacceleration[gs],-6.25e-05,Temperature[C],19,Address,db60
Time[s],483.92,Xacceleration[gs],-6.25e-05,Yacceleration[gs],-6.25e-05,Zacceleration[gs],-6.25e-05,Temperature[C],19,Address,db60
Time[s],484.87,Xacceleration[gs],-6.25e-05,Yacceleration[gs],-6.25e-05,Zacceleration[gs],-6.25e-05,Temperature[C],19,Address,db60
Time[s],485.99,Xacceleration[gs],-6.25e-05,Yacceleration[gs],-6.25e-05,Zacceleration[gs],-6.25e-05,Temperature[C],19,Address,db60
Time[s],486.91,Xacceleration[gs],-6.25e-05,Yacceleration[gs],-6.25e-05,Zacceleration[gs],-6.25e-05,Temperature[C],19,Address,db60
Time[s],487.89,Xacceleration[gs],-6.25e-05,Yacceleration[gs],-6.25e-05,Zacceleration[gs],-6.25e-05,Temperature[C],19,Address,db60
Time[s],488.98,Xacceleration[gs],-6.25e-05,Yacceleration[gs],-6.25e-05,Zacceleration[gs],-6.25e-05,Temperature[C],19,Address,db60
Time[s],489.91,Xacceleration[gs],-6.25e-05,Yacceleration[gs],-6.25e-05,Zacceleration[gs],-6.25e-05,Temperature[C],19,Address,db60
Time[s],490.9,Xacceleration[gs],-6.25e-05,Yacceleration[gs],-6.25e-05,Zacceleration[gs],-6.25e-05,Temperature[C],19,Address,db60
Time[s],491.97,Xacceleration[gs],-6.25e-05,Yacceleration[gs],-6.25e-05,Zacceleration[gs],-6.25e-05,Temperature[C],19,Address,db60
Time[s],492.92,Xacceleration[gs],-6.25e-05,Yacceleration[gs],-6.25e-05,Zacceleration[gs],-6.25e-05,Temperature[C],19,Address,db60
Time[s],494.04,Xacceleration[gs],-6.25e-05,Yacceleration[gs],-6.25e-05,Zacceleration[gs],-6.25e-05,Temperature[C],19,Address,db60
Time[s],494.96,Xacceleration[gs],-6.25e-05,Yacceleration[gs],-6.25e-05,Zacceleration[gs],-6.25e-05,Temperature[C],19,Address,db60
Time[s],495.94,Xacceleration[gs],-6.25e-05,Yacceleration[gs],-6.25e-05,Zacceleration[gs],-6.25e-05,Temperature[C],19,Address,db60
Time[s],497.03,Xacceleration[gs],-6.25e-05,Yacceleration[gs],-6.25e-05,Zacceleration[gs],-6.25e-05,Temperature[C],19,Address,db60
Time[s],497.95,Xacceleration[gs],-6.25e-05,Yacceleration[gs],-6.25e-05,Zacceleration[gs],-6.25e-05,Temperature[C],19,Address,db60
Time[s],498.95,Xacceleration[gs],-6.25e-05,Yacceleration[gs],-6.25e-05,Zacceleration[gs],-6.25e-05,Temperature[C],19,Address,db60
Time[s],500.02,Xacceleration[gs],-6.25e-05,Yacceleration[gs],-6.25e-05,Zacceleration[gs],-6.25e-05,Temperature[C],19,Address,db60
Time[s],500.97,Xacceleration[gs],-6.25e-05,Yacceleration[gs],-6.25e-05,Zacceleration[gs],-6.25e-05,Temperature[C],19,Address,db60
Time[s],502.09,Xacceleration[gs],-6.25e-05,Yacceleration[gs],-6.25e-05,Zacceleration[gs],-6.25e-05,Temperature[C],19,Address,db60
Time[s],503.01,Xacceleration[gs],-6.25e-05,Yacceleration[gs],-6.25e-05,Zacceleration[gs],-6.25e-05,Temperature[C],19,Address,db60
Time[s],503.99,Xacceleration[gs],-6.25e-05,Yacceleration[gs],-6.25e-05,Zacceleration[gs],-6.25e-05,Temperature[C],19,Address,db60
Time[s],505.08,Xacceleration[gs],-6.25e-05,Yacceleration[gs],-6.25e-05,Zacceleration[gs],-6.25e-05,Temperature[C],19,Address,db60
Time[s],506.0,Xacceleration[gs],-6.25e-05,Yacceleration[gs],-6.25e-05,Zacceleration[gs],-6.25e-05,Temperature[C],19,Address,db60
Time[s],507.0,Xacceleration[gs],-6.25e-05,Yacceleration[gs],-6.25e-05,Zacceleration[gs],-6.25e-05,Temperature[C],19,Address,db60
Time[s],508.07,Xacceleration[gs],-6.25e-05,Yacceleration[gs],-6.25e-05,Zacceleration[gs],-6.25e-05,Temperature[C],19,Address,db60
Time[s],509.04,Xacceleration[gs],-6.25e-05,Yacceleration[gs],-6.25e-05,Zacceleration[gs],-6.25e-05,Temperature[C],19,Address,db60
Time[s],510.14,Xacceleration[gs],-6.25e-05,Yacceleration[gs],-6.25e-05,Zacceleration[gs],-6.25e-05,Temperature[C],19,Address,db60
Time[s],511.06,Xacceleration[gs],-6.25e-05,Yacceleration[gs],-6.25e-05,Zacceleration[gs],-6.25e-05,Temperature[C],19,Address,db60
Time[s],512.04,Xacceleration[gs],-6.25e-05,Yacceleration[gs],-6.25e-05,Zacceleration[gs],-6.25e-05,Temperature[C],19,Address,db60
Time[s],513.13,Xacceleration[gs],-6.25e-05,Yacceleration[gs],-6.25e-05,Zacceleration[gs],-6.25e-05,Temperature[C],19,Address,db60
Time[s],514.05,Xacceleration[gs],-6.25e-05,Yacceleration[gs],-6.25e-05,Zacceleration[gs],-6.25e-05,Temperature[C],19,Address,db60
Time[s],515.05,Xacceleration[gs],-6.25e-05,Yacceleration[gs],-6.25e-05,Zacceleration[gs],-6.25e-05,Temperature[C],19,Address,db60
Time[s],516.12,Xacceleration[gs],-6.25e-05,Yacceleration[gs],-6.25e-05,Zacceleration[gs],-6.25e-05,Temperature[C],19,Address,db60
Time[s],517.07,Xacceleration[gs],-6.25e-05,Yacceleration[gs],-6.25e-05,Zacceleration[gs],-6.25e-05,Temperature[C],19,Address,db60
Time[s],518.19,Xacceleration[gs],-6.25e-05,Yacceleration[gs],-6.25e-05,Zacceleration[gs],-6.25e-05,Temperature[C],19,Address,db60
Time[s],519.11,Xacceleration[gs],-6.25e-05,Yacceleration[gs],-6.25e-05,Zacceleration[gs],-6.25e-05,Temperature[C],19,Address,db60
Time[s],520.09,Xacceleration[gs],-6.25e-05,Yacceleration[gs],-6.25e-05,Zacceleration[gs],-6.25e-05,Temperature[C],19,Address,db60
Time[s],521.19,Xacceleration[gs],-6.25e-05,Yacceleration[gs],-6.25e-05,Zacceleration[gs],-6.25e-05,Temperature[C],19,Address,db60
Time[s],522.1,Xacceleration[gs],-6.25e-05,Yacceleration[gs],-6.25e-05,Zacceleration[gs],-6.25e-05,Temperature[C],19,Address,db60
Time[s],523.1,Xacceleration[gs],-6.25e-05,Yacceleration[gs],-6.25e-05,Zacceleration[gs],-6.25e-05,Temperature[C],19,Address,db60
Time[s],524.17,Xacceleration[gs],-6.25e-05,Yacceleration[gs],-6.25e-05,Zacceleration[gs],-6.25e-05,Temperature[C],19,Address,db60
Time[s],525.12,Xacceleration[gs],-6.25e-05,Yacceleration[gs],-6.25e-05,Zacceleration[gs],-6.25e-05,Temperature[C],19,Address,db60
Time[s],526.24,Xacceleration[gs],-6.25e-05,Yacceleration[gs],-6.25e-05,Zacceleration[gs],-6.25e-05,Temperature[C],19,Address,db60
Time[s],527.19,Xacceleration[gs],-6.25e-05,Yacceleration[gs],-6.25e-05,Zacceleration[gs],-6.25e-05,Temperature[C],19,Address,db60
Time[s],528.14,Xacceleration[gs],-6.25e-05,Yacceleration[gs],-6.25e-05,Zacceleration[gs],-6.25e-05,Temperature[C],19,Address,db60
Time[s],529.23,Xacceleration[gs],-6.25e-05,Yacceleration[gs],-6.25e-05,Zacceleration[gs],-6.25e-05,Temperature[C],19,Address,db60
Time[s],530.16,Xacceleration[gs],-6.25e-05,Yacceleration[gs],-6.25e-05,Zacceleration[gs],-6.25e-05,Temperature[C],19,Address,db60
Time[s],531.15,Xacceleration[gs],-6.25e-05,Yacceleration[gs],-6.25e-05,Zacceleration[gs],-6.25e-05,Temperature[C],19,Address,db60
Time[s],532.22,Xacceleration[gs],-6.25e-05,Yacceleration[gs],-6.25e-05,Zacceleration[gs],-6.25e-05,Temperature[C],19,Address,db60
Time[s],533.17,Xacceleration[gs],-6.25e-05,Yacceleration[gs],-6.25e-05,Zacceleration[gs],-6.25e-05,Temperature[C],19,Address,db60
Time[s],534.29,Xacceleration[gs],-6.25e-05,Yacceleration[gs],-6.25e-05,Zacceleration[gs],-6.25e-05,Temperature[C],19,Address,db60
Time[s],535.21,Xacceleration[gs],-6.25e-05,Yacceleration[gs],-6.25e-05,Zacceleration[gs],-6.25e-05,Temperature[C],19,Address,db60
Time[s],536.21,Xacceleration[gs],-6.25e-05,Yacceleration[gs],-6.25e-05,Zacceleration[gs],-6.25e-05,Temperature[C],19,Address,db60
Time[s],537.28,Xacceleration[gs],-6.25e-05,Yacceleration[gs],-6.25e-05,Zacceleration[gs],-6.25e-05,Temperature[C],19,Address,db60
Time[s],538.2,Xacceleration[gs],-6.25e-05,Yacceleration[gs],-6.25e-05,Zacceleration[gs],-6.25e-05,Temperature[C],19,Address,db60
Time[s],539.2,Xacceleration[gs],-6.25e-05,Yacceleration[gs],-6.25e-05,Zacceleration[gs],-6.25e-05,Temperature[C],19,Address,db60
Time[s],540.27,Xacceleration[gs],-6.25e-05,Yacceleration[gs],-6.25e-05,Zacceleration[gs],-6.25e-05,Temperature[C],19,Address,db60
Time[s],541.22,Xacceleration[gs],-6.25e-05,Yacceleration[gs],-6.25e-05,Zacceleration[gs],-6.25e-05,Temperature[C],19,Address,db60
Time[s],542.34,Xacceleration[gs],-6.25e-05,Yacceleration[gs],-6.25e-05,Zacceleration[gs],-6.25e-05,Temperature[C],19,Address,db60
Time[s],543.26,Xacceleration[gs],-6.25e-05,Yacceleration[gs],-6.25e-05,Zacceleration[gs],-6.25e-05,Temperature[C],19,Address,db60
Time[s],544.24,Xacceleration[gs],-6.25e-05,Yacceleration[gs],-6.25e-05,Zacceleration[gs],-6.25e-05,Temperature[C],19,Address,db60
Time[s],545.33,Xacceleration[gs],-6.25e-05,Yacceleration[gs],-6.25e-05,Zacceleration[gs],-6.25e-05,Temperature[C],19,Address,db60
Time[s],546.25,Xacceleration[gs],-6.25e-05,Yacceleration[gs],-6.25e-05,Zacceleration[gs],-6.25e-05,Temperature[C],19,Address,db60
Time[s],547.25,Xacceleration[gs],-6.25e-05,Yacceleration[gs],-6.25e-05,Zacceleration[gs],-6.25e-05,Temperature[C],19,Address,db60
Time[s],548.32,Xacceleration[gs],-6.25e-05,Yacceleration[gs],-6.25e-05,Zacceleration[gs],-6.25e-05,Temperature[C],19,Address,db60
Time[s],549.27,Xacceleration[gs],-6.25e-05,Yacceleration[gs],-6.25e-05,Zacceleration[gs],-6.25e-05,Temperature[C],19,Address,db60
Time[s],550.39,Xacceleration[gs],-6.25e-05,Yacceleration[gs],-6.25e-05,Zacceleration[gs],-6.25e-05,Temperature[C],19,Address,db60
Time[s],551.31,Xacceleration[gs],-6.25e-05,Yacceleration[gs],-6.25e-05,Zacceleration[gs],-6.25e-05,Temperature[C],19,Address,db60
Time[s],552.29,Xacceleration[gs],-6.25e-05,Yacceleration[gs],-6.25e-05,Zacceleration[gs],-6.25e-05,Temperature[C],19,Address,db60
Time[s],553.38,Xacceleration[gs],-6.25e-05,Yacceleration[gs],-6.25e-05,Zacceleration[gs],-6.25e-05,Temperature[C],19,Address,db60
Time[s],554.3,Xacceleration[gs],-6.25e-05,Yacceleration[gs],-6.25e-05,Zacceleration[gs],-6.25e-05,Temperature[C],19,Address,db60
Time[s],555.3,Xacceleration[gs],-6.25e-05,Yacceleration[gs],-6.25e-05,Zacceleration[gs],-6.25e-05,Temperature[C],19,Address,db60
Time[s],556.37,Xacceleration[gs],-6.25e-05,Yacceleration[gs],-6.25e-05,Zacceleration[gs],-6.25e-05,Temperature[C],19,Address,db60
Time[s],557.32,Xacceleration[gs],-6.25e-05,Yacceleration[gs],-6.25e-05,Zacceleration[gs],-6.25e-05,Temperature[C],19,Address,db60
Time[s],558.44,Xacceleration[gs],-6.25e-05,Yacceleration[gs],-6.25e-05,Zacceleration[gs],-6.25e-05,Temperature[C],19,Address,db60
Time[s],559.37,Xacceleration[gs],-6.25e-05,Yacceleration[gs],-6.25e-05,Zacceleration[gs],-6.25e-05,Temperature[C],19,Address,db60
Time[s],560.34,Xacceleration[gs],-6.25e-05,Yacceleration[gs],-6.25e-05,Zacceleration[gs],-6.25e-05,Temperature[C],19,Address,db60
Time[s],561.43,Xacceleration[gs],-6.25e-05,Yacceleration[gs],-6.25e-05,Zacceleration[gs],-6.25e-05,Temperature[C],19,Address,db60
Time[s],562.35,Xacceleration[gs],-6.25e-05,Yacceleration[gs],-6.25e-05,Zacceleration[gs],-6.25e-05,Temperature[C],19,Address,db60
Time[s],563.35,Xacceleration[gs],-6.25e-05,Yacceleration[gs],-6.25e-05,Zacceleration[gs],-6.25e-05,Temperature[C],19,Address,db60
Time[s],564.42,Xacceleration[gs],-6.25e-05,Yacceleration[gs],-6.25e-05,Zacceleration[gs],-6.25e-05,Temperature[C],19,Address,db60
Time[s],565.37,Xacceleration[gs],-6.25e-05,Yacceleration[gs],-6.25e-05,Zacceleration[gs],-6.25e-05,Temperature[C],19,Address,db60
Time[s],566.49,Xacceleration[gs],-6.25e-05,Yacceleration[gs],-6.25e-05,Zacceleration[gs],-6.25e-05,Temperature[C],19,Address,db60
Time[s],567.41,Xacceleration[gs],-6.25e-05,Yacceleration[gs],-6.25e-05,Zacceleration[gs],-6.25e-05,Temperature[C],19,Address,db60
Time[s],568.39,Xacceleration[gs],-6.25e-05,Yacceleration[gs],-6.25e-05,Zacceleration[gs],-6.25e-05,Temperature[C],19,Address,db60
Time[s],569.48,Xacceleration[gs],-6.25e-05,Yacceleration[gs],-6.25e-05,Zacceleration[gs],-6.25e-05,Temperature[C],19,Address,db60
Time[s],570.4,Xacceleration[gs],-6.25e-05,Yacceleration[gs],-6.25e-05,Zacceleration[gs],-6.25e-05,Temperature[C],19,Address,db60
Time[s],571.4,Xacceleration[gs],-6.25e-05,Yacceleration[gs],-6.25e-05,Zacceleration[gs],-6.25e-05,Temperature[C],19,Address,db60
Time[s],572.47,Xacceleration[gs],-6.25e-05,Yacceleration[gs],-6.25e-05,Zacceleration[gs],-6.25e-05,Temperature[C],19,Address,db60
Time[s],573.42,Xacceleration[gs],-6.25e-05,Yacceleration[gs],-6.25e-05,Zacceleration[gs],-6.25e-05,Temperature[C],19,Address,db60
Time[s],574.54,Xacceleration[gs],-6.25e-05,Yacceleration[gs],-6.25e-05,Zacceleration[gs],-6.25e-05,Temperature[C],19,Address,db60
Time[s],575.47,Xacceleration[gs],-6.25e-05,Yacceleration[gs],-6.25e-05,Zacceleration[gs],-6.25e-05,Temperature[C],19,Address,db60
Time[s],576.44,Xacceleration[gs],-6.25e-05,Yacceleration[gs],-6.25e-05,Zacceleration[gs],-6.25e-05,Temperature[C],19,Address,db60
Time[s],577.53,Xacceleration[gs],-6.25e-05,Yacceleration[gs],-6.25e-05,Zacceleration[gs],-6.25e-05,Temperature[C],19,Address,db60
Time[s],578.45,Xacceleration[gs],-6.25e-05,Yacceleration[gs],-6.25e-05,Zacceleration[gs],-6.25e-05,Temperature[C],19,Address,db60
Time[s],579.45,Xacceleration[gs],-6.25e-05,Yacceleration[gs],-6.25e-05,Zacceleration[gs],-6.25e-05,Temperature[C],19,Address,db60
Time[s],580.52,Xacceleration[gs],-6.25e-05,Yacceleration[gs],-6.25e-05,Zacceleration[gs],-6.25e-05,Temperature[C],19,Address,db60
Time[s],581.47,Xacceleration[gs],-6.25e-05,Yacceleration[gs],-6.25e-05,Zacceleration[gs],-6.25e-05,Temperature[C],19,Address,db60
Time[s],582.59,Xacceleration[gs],-6.25e-05,Yacceleration[gs],-6.25e-05,Zacceleration[gs],-6.25e-05,Temperature[C],19,Address,db60
Time[s],583.52,Xacceleration[gs],-6.25e-05,Yacceleration[gs],-6.25e-05,Zacceleration[gs],-6.25e-05,Temperature[C],19,Address,db60
Time[s],584.49,Xacceleration[gs],-6.25e-05,Yacceleration[gs],-6.25e-05,Zacceleration[gs],-6.25e-05,Temperature[C],19,Address,db60
Time[s],585.58,Xacceleration[gs],-6.25e-05,Yacceleration[gs],-6.25e-05,Zacceleration[gs],-6.25e-05,Temperature[C],19,Address,db60
Time[s],586.5,Xacceleration[gs],-6.25e-05,Yacceleration[gs],-6.25e-05,Zacceleration[gs],-6.25e-05,Temperature[C],19,Address,db60
Time[s],587.5,Xacceleration[gs],-6.25e-05,Yacceleration[gs],-6.25e-05,Zacceleration[gs],-6.25e-05,Temperature[C],19,Address,db60
Time[s],588.57,Xacceleration[gs],-6.25e-05,Yacceleration[gs],-6.25e-05,Zacceleration[gs],-6.25e-05,Temperature[C],19,Address,db60
Time[s],589.52,Xacceleration[gs],-6.25e-05,Yacceleration[gs],-6.25e-05,Zacceleration[gs],-6.25e-05,Temperature[C],19,Address,db60
Time[s],590.64,Xacceleration[gs],-6.25e-05,Yacceleration[gs],-6.25e-05,Zacceleration[gs],-6.25e-05,Temperature[C],19,Address,db60
Time[s],591.59,Xacceleration[gs],-6.25e-05,Yacceleration[gs],-6.25e-05,Zacceleration[gs],-6.25e-05,Temperature[C],19,Address,db60
Time[s],592.54,Xacceleration[gs],-6.25e-05,Yacceleration[gs],-6.25e-05,Zacceleration[gs],-6.25e-05,Temperature[C],19,Address,db60
Time[s],593.63,Xacceleration[gs],-6.25e-05,Yacceleration[gs],-6.25e-05,Zacceleration[gs],-6.25e-05,Temperature[C],19,Address,db60
Time[s],594.55,Xacceleration[gs],-6.25e-05,Yacceleration[gs],-6.25e-05,Zacceleration[gs],-6.25e-05,Temperature[C],19,Address,db60
Time[s],595.55,Xacceleration[gs],-6.25e-05,Yacceleration[gs],-6.25e-05,Zacceleration[gs],-6.25e-05,Temperature[C],19,Address,db60
Time[s],596.62,Xacceleration[gs],-6.25e-05,Yacceleration[gs],-6.25e-05,Zacceleration[gs],-6.25e-05,Temperature[C],19,Address,db60
Time[s],597.57,Xacceleration[gs],-6.25e-05,Yacceleration[gs],-6.25e-05,Zacceleration[gs],-6.25e-05,Temperature[C],19,Address,db60
Time[s],598.69,Xacceleration[gs],-6.25e-05,Yacceleration[gs],-6.25e-05,Zacceleration[gs],-6.25e-05,Temperature[C],19,Address,db60
Time[s],599.61,Xacceleration[gs],-6.25e-05,Yacceleration[gs],-6.25e-05,Zacceleration[gs],-6.25e-05,Temperature[C],19,Address,db60
Time[s],600.59,Xacceleration[gs],-6.25e-05,Yacceleration[gs],-6.25e-05,Zacceleration[gs],-6.25e-05,Temperature[C],19,Address,db60
Time[s],601.68,Xacceleration[gs],-6.25e-05,Yacceleration[gs],-6.25e-05,Zacceleration[gs],-6.25e-05,Temperature[C],19,Address,db60
Time[s],602.6,Xacceleration[gs],-6.25e-05,Yacceleration[gs],-6.25e-05,Zacceleration[gs],-6.25e-05,Temperature[C],19,Address,db60
Time[s],603.6,Xacceleration[gs],-6.25e-05,Yacceleration[gs],-6.25e-05,Zacceleration[gs],-6.25e-05,Temperature[C],19,Address,db60
Time[s],604.67,Xacceleration[gs],-6.25e-05,Yacceleration[gs],-6.25e-05,Zacceleration[gs],-6.25e-05,Temperature[C],19,Address,db60
Time[s],605.62,Xacceleration[gs],-6.25e-05,Yacceleration[gs],-6.25e-05,Zacceleration[gs],-6.25e-05,Temperature[C],19,Address,db60
Time[s],606.74,Xacceleration[gs],-6.25e-05,Yacceleration[gs],-6.25e-05,Zacceleration[gs],-6.25e-05,Temperature[C],19,Address,db60
Time[s],607.66,Xacceleration[gs],-6.25e-05,Yacceleration[gs],-6.25e-05,Zacceleration[gs],-6.25e-05,Temperature[C],19,Address,db60
Time[s],608.64,Xacceleration[gs],-6.25e-05,Yacceleration[gs],-6.25e-05,Zacceleration[gs],-6.25e-05,Temperature[C],19,Address,db60
Time[s],609.73,Xacceleration[gs],-6.25e-05,Yacceleration[gs],-6.25e-05,Zacceleration[gs],-6.25e-05,Temperature[C],19,Address,db60
Time[s],610.65,Xacceleration[gs],-6.25e-05,Yacceleration[gs],-6.25e-05,Zacceleration[gs],-6.25e-05,Temperature[C],19,Address,db60
Time[s],611.65,Xacceleration[gs],-6.25e-05,Yacceleration[gs],-6.25e-05,Zacceleration[gs],-6.25e-05,Temperature[C],19,Address,db60
Time[s],612.72,Xacceleration[gs],-6.25e-05,Yacceleration[gs],-6.25e-05,Zacceleration[gs],-6.25e-05,Temperature[C],19,Address,db60
Time[s],613.67,Xacceleration[gs],-6.25e-05,Yacceleration[gs],-6.25e-05,Zacceleration[gs],-6.25e-05,Temperature[C],19,Address,db60
Time[s],614.79,Xacceleration[gs],-6.25e-05,Yacceleration[gs],-6.25e-05,Zacceleration[gs],-6.25e-05,Temperature[C],19,Address,db60
Time[s],615.71,Xacceleration[gs],-6.25e-05,Yacceleration[gs],-6.25e-05,Zacceleration[gs],-6.25e-05,Temperature[C],19,Address,db60
Time[s],616.69,Xacceleration[gs],-6.25e-05,Yacceleration[gs],-6.25e-05,Zacceleration[gs],-6.25e-05,Temperature[C],19,Address,db60
Time[s],617.78,Xacceleration[gs],-6.25e-05,Yacceleration[gs],-6.25e-05,Zacceleration[gs],-6.25e-05,Temperature[C],19,Address,db60
Time[s],618.7,Xacceleration[gs],-6.25e-05,Yacceleration[gs],-6.25e-05,Zacceleration[gs],-6.25e-05,Temperature[C],19,Address,db60
Time[s],619.7,Xacceleration[gs],-6.25e-05,Yacceleration[gs],-6.25e-05,Zacceleration[gs],-6.25e-05,Temperature[C],19,Address,db60
Time[s],620.77,Xacceleration[gs],-6.25e-05,Yacceleration[gs],-6.25e-05,Zacceleration[gs],-6.25e-05,Temperature[C],19,Address,db60
Time[s],621.72,Xacceleration[gs],-6.25e-05,Yacceleration[gs],-6.25e-05,Zacceleration[gs],-6.25e-05,Temperature[C],19,Address,db60
Time[s],622.84,Xacceleration[gs],-6.25e-05,Yacceleration[gs],-6.25e-05,Zacceleration[gs],-6.25e-05,Temperature[C],19,Address,db60
Time[s],623.76,Xacceleration[gs],-6.25e-05,Yacceleration[gs],-6.25e-05,Zacceleration[gs],-6.25e-05,Temperature[C],19,Address,db60
Time[s],624.74,Xacceleration[gs],-6.25e-05,Yacceleration[gs],-6.25e-05,Zacceleration[gs],-6.25e-05,Temperature[C],19,Address,db60
Time[s],625.83,Xacceleration[gs],-6.25e-05,Yacceleration[gs],-6.25e-05,Zacceleration[gs],-6.25e-05,Temperature[C],19,Address,db60
Time[s],626.75,Xacceleration[gs],-6.25e-05,Yacceleration[gs],-6.25e-05,Zacceleration[gs],-6.25e-05,Temperature[C],19,Address,db60
Time[s],627.75,Xacceleration[gs],-6.25e-05,Yacceleration[gs],-6.25e-05,Zacceleration[gs],-6.25e-05,Temperature[C],19,Address,db60
Time[s],628.82,Xacceleration[gs],-6.25e-05,Yacceleration[gs],-6.25e-05,Zacceleration[gs],-6.25e-05,Temperature[C],19,Address,db60
Time[s],629.77,Xacceleration[gs],-6.25e-05,Yacceleration[gs],-6.25e-05,Zacceleration[gs],-6.25e-05,Temperature[C],19,Address,db60
Time[s],630.89,Xacceleration[gs],-6.25e-05,Yacceleration[gs],-6.25e-05,Zacceleration[gs],-6.25e-05,Temperature[C],19,Address,db60
Time[s],631.81,Xacceleration[gs],-6.25e-05,Yacceleration[gs],-6.25e-05,Zacceleration[gs],-6.25e-05,Temperature[C],19,Address,db60
Time[s],632.79,Xacceleration[gs],-6.25e-05,Yacceleration[gs],-6.25e-05,Zacceleration[gs],-6.25e-05,Temperature[C],19,Address,db60
Time[s],633.88,Xacceleration[gs],-6.25e-05,Yacceleration[gs],-6.25e-05,Zacceleration[gs],-6.25e-05,Temperature[C],19,Address,db60
Time[s],634.8,Xacceleration[gs],-6.25e-05,Yacceleration[gs],-6.25e-05,Zacceleration[gs],-6.25e-05,Temperature[C],19,Address,db60
Time[s],635.8,Xacceleration[gs],-6.25e-05,Yacceleration[gs],-6.25e-05,Zacceleration[gs],-6.25e-05,Temperature[C],19,Address,db60
Time[s],636.87,Xacceleration[gs],-6.25e-05,Yacceleration[gs],-6.25e-05,Zacceleration[gs],-6.25e-05,Temperature[C],19,Address,db60
Time[s],637.82,Xacceleration[gs],-6.25e-05,Yacceleration[gs],-6.25e-05,Zacceleration[gs],-6.25e-05,Temperature[C],19,Address,db60
Time[s],638.94,Xacceleration[gs],-6.25e-05,Yacceleration[gs],-6.25e-05,Zacceleration[gs],-6.25e-05,Temperature[C],19,Address,db60
Time[s],639.86,Xacceleration[gs],-6.25e-05,Yacceleration[gs],-6.25e-05,Zacceleration[gs],-6.25e-05,Temperature[C],19,Address,db60
Time[s],640.84,Xacceleration[gs],-6.25e-05,Yacceleration[gs],-6.25e-05,Zacceleration[gs],-6.25e-05,Temperature[C],19,Address,db60
Time[s],641.93,Xacceleration[gs],-6.25e-05,Yacceleration[gs],-6.25e-05,Zacceleration[gs],-6.25e-05,Temperature[C],19,Address,db60
Time[s],642.85,Xacceleration[gs],-6.25e-05,Yacceleration[gs],-6.25e-05,Zacceleration[gs],-6.25e-05,Temperature[C],19,Address,db60
Time[s],643.85,Xacceleration[gs],-6.25e-05,Yacceleration[gs],-6.25e-05,Zacceleration[gs],-6.25e-05,Temperature[C],19,Address,db60
Time[s],644.92,Xacceleration[gs],-6.25e-05,Yacceleration[gs],-6.25e-05,Zacceleration[gs],-6.25e-05,Temperature[C],19,Address,db60
Time[s],645.87,Xacceleration[gs],-6.25e-05,Yacceleration[gs],-6.25e-05,Zacceleration[gs],-6.25e-05,Temperature[C],19,Address,db60
Time[s],646.99,Xacceleration[gs],-6.25e-05,Yacceleration[gs],-6.25e-05,Zacceleration[gs],-6.25e-05,Temperature[C],19,Address,db60
Time[s],647.91,Xacceleration[gs],-6.25e-05,Yacceleration[gs],-6.25e-05,Zacceleration[gs],-6.25e-05,Temperature[C],19,Address,db60
Time[s],648.89,Xacceleration[gs],-6.25e-05,Yacceleration[gs],-6.25e-05,Zacceleration[gs],-6.25e-05,Temperature[C],19,Address,db60
Time[s],649.98,Xacceleration[gs],-6.25e-05,Yacceleration[gs],-6.25e-05,Zacceleration[gs],-6.25e-05,Temperature[C],19,Address,db60
Time[s],650.9,Xacceleration[gs],-6.25e-05,Yacceleration[gs],-6.25e-05,Zacceleration[gs],-6.25e-05,Temperature[C],19,Address,db60
Time[s],651.9,Xacceleration[gs],-6.25e-05,Yacceleration[gs],-6.25e-05,Zacceleration[gs],-6.25e-05,Temperature[C],19,Address,db60
Time[s],652.97,Xacceleration[gs],-6.25e-05,Yacceleration[gs],-6.25e-05,Zacceleration[gs],-6.25e-05,Temperature[C],19,Address,db60
Time[s],653.92,Xacceleration[gs],-6.25e-05,Yacceleration[gs],-6.25e-05,Zacceleration[gs],-6.25e-05,Temperature[C],19,Address,db60
Time[s],655.04,Xacceleration[gs],-6.25e-05,Yacceleration[gs],-6.25e-05,Zacceleration[gs],-6.25e-05,Temperature[C],19,Address,db60
Time[s],655.96,Xacceleration[gs],-6.25e-05,Yacceleration[gs],-6.25e-05,Zacceleration[gs],-6.25e-05,Temperature[C],19,Address,db60
Time[s],656.94,Xacceleration[gs],-6.25e-05,Yacceleration[gs],-6.25e-05,Zacceleration[gs],-6.25e-05,Temperature[C],19,Address,db60
Time[s],658.03,Xacceleration[gs],-6.25e-05,Yacceleration[gs],-6.25e-05,Zacceleration[gs],-6.25e-05,Temperature[C],19,Address,db60
Time[s],658.95,Xacceleration[gs],-6.25e-05,Yacceleration[gs],-6.25e-05,Zacceleration[gs],-6.25e-05,Temperature[C],19,Address,db60
Time[s],659.95,Xacceleration[gs],-6.25e-05,Yacceleration[gs],-6.25e-05,Zacceleration[gs],-6.25e-05,Temperature[C],19,Address,db60
Time[s],661.02,Xacceleration[gs],-6.25e-05,Yacceleration[gs],-6.25e-05,Zacceleration[gs],-6.25e-05,Temperature[C],19,Address,db60
Time[s],661.97,Xacceleration[gs],-6.25e-05,Yacceleration[gs],-6.25e-05,Zacceleration[gs],-6.25e-05,Temperature[C],19,Address,db60
Time[s],663.1,Xacceleration[gs],-6.25e-05,Yacceleration[gs],-6.25e-05,Zacceleration[gs],-6.25e-05,Temperature[C],19,Address,db60
Time[s],664.01,Xacceleration[gs],-6.25e-05,Yacceleration[gs],-6.25e-05,Zacceleration[gs],-6.25e-05,Temperature[C],19,Address,db60
Time[s],664.99,Xacceleration[gs],-6.25e-05,Yacceleration[gs],-6.25e-05,Zacceleration[gs],-6.25e-05,Temperature[C],19,Address,db60
Time[s],666.08,Xacceleration[gs],-6.25e-05,Yacceleration[gs],-6.25e-05,Zacceleration[gs],-6.25e-05,Temperature[C],19,Address,db60
Time[s],667.0,Xacceleration[gs],-6.25e-05,Yacceleration[gs],-6.25e-05,Zacceleration[gs],-6.25e-05,Temperature[C],19,Address,db60
Time[s],668.0,Xacceleration[gs],-6.25e-05,Yacceleration[gs],-6.25e-05,Zacceleration[gs],-6.25e-05,Temperature[C],19,Address,db60
Time[s],669.07,Xacceleration[gs],-6.25e-05,Yacceleration[gs],-6.25e-05,Zacceleration[gs],-6.25e-05,Temperature[C],19,Address,db60
Time[s],670.05,Xacceleration[gs],-6.25e-05,Yacceleration[gs],-6.25e-05,Zacceleration[gs],-6.25e-05,Temperature[C],19,Address,db60
Time[s],671.14,Xacceleration[gs],-6.25e-05,Yacceleration[gs],-6.25e-05,Zacceleration[gs],-6.25e-05,Temperature[C],19,Address,db60
Time[s],672.06,Xacceleration[gs],-6.25e-05,Yacceleration[gs],-6.25e-05,Zacceleration[gs],-6.25e-05,Temperature[C],19,Address,db60
Time[s],673.04,Xacceleration[gs],-6.25e-05,Yacceleration[gs],-6.25e-05,Zacceleration[gs],-6.25e-05,Temperature[C],19,Address,db60
Time[s],674.13,Xacceleration[gs],-6.25e-05,Yacceleration[gs],-6.25e-05,Zacceleration[gs],-6.25e-05,Temperature[C],19,Address,db60
Time[s],675.05,Xacceleration[gs],-6.25e-05,Yacceleration[gs],-6.25e-05,Zacceleration[gs],-6.25e-05,Temperature[C],19,Address,db60
Time[s],676.05,Xacceleration[gs],-6.25e-05,Yacceleration[gs],-6.25e-05,Zacceleration[gs],-6.25e-05,Temperature[C],19,Address,db60
Time[s],677.12,Xacceleration[gs],-6.25e-05,Yacceleration[gs],-6.25e-05,Zacceleration[gs],-6.25e-05,Temperature[C],19,Address,db60
Time[s],678.07,Xacceleration[gs],-6.25e-05,Yacceleration[gs],-6.25e-05,Zacceleration[gs],-6.25e-05,Temperature[C],19,Address,db60
Time[s],679.19,Xacceleration[gs],-6.25e-05,Yacceleration[gs],-6.25e-05,Zacceleration[gs],-6.25e-05,Temperature[C],19,Address,db60
Time[s],680.11,Xacceleration[gs],-6.25e-05,Yacceleration[gs],-6.25e-05,Zacceleration[gs],-6.25e-05,Temperature[C],19,Address,db60
Time[s],681.09,Xacceleration[gs],-6.25e-05,Yacceleration[gs],-6.25e-05,Zacceleration[gs],-6.25e-05,Temperature[C],19,Address,db60
Time[s],682.18,Xacceleration[gs],-6.25e-05,Yacceleration[gs],-6.25e-05,Zacceleration[gs],-6.25e-05,Temperature[C],19,Address,db60
Time[s],683.12,Xacceleration[gs],-6.25e-05,Yacceleration[gs],-6.25e-05,Zacceleration[gs],-6.25e-05,Temperature[C],19,Address,db60
Time[s],684.1,Xacceleration[gs],-6.25e-05,Yacceleration[gs],-6.25e-05,Zacceleration[gs],-6.25e-05,Temperature[C],19,Address,db60
Time[s],685.17,Xacceleration[gs],-6.25e-05,Yacceleration[gs],-6.25e-05,Zacceleration[gs],-6.25e-05,Temperature[C],19,Address,db60
Time[s],686.18,Xacceleration[gs],-6.25e-05,Yacceleration[gs],-6.25e-05,Zacceleration[gs],-6.25e-05,Temperature[C],19,Address,db60
Time[s],687.24,Xacceleration[gs],-6.25e-05,Yacceleration[gs],-6.25e-05,Zacceleration[gs],-6.25e-05,Temperature[C],19,Address,db60
Time[s],688.16,Xacceleration[gs],-6.25e-05,Yacceleration[gs],-6.25e-05,Zacceleration[gs],-6.25e-05,Temperature[C],19,Address,db60
Time[s],689.14,Xacceleration[gs],-6.25e-05,Yacceleration[gs],-6.25e-05,Zacceleration[gs],-6.25e-05,Temperature[C],19,Address,db60
Time[s],690.23,Xacceleration[gs],-6.25e-05,Yacceleration[gs],-6.25e-05,Zacceleration[gs],-6.25e-05,Temperature[C],19,Address,db60
Time[s],691.15,Xacceleration[gs],-6.25e-05,Yacceleration[gs],-6.25e-05,Zacceleration[gs],-6.25e-05,Temperature[C],19,Address,db60
Time[s],692.15,Xacceleration[gs],-6.25e-05,Yacceleration[gs],-6.25e-05,Zacceleration[gs],-6.25e-05,Temperature[C],19,Address,db60
Time[s],693.22,Xacceleration[gs],-6.25e-05,Yacceleration[gs],-6.25e-05,Zacceleration[gs],-6.25e-05,Temperature[C],19,Address,db60
Time[s],694.17,Xacceleration[gs],-6.25e-05,Yacceleration[gs],-6.25e-05,Zacceleration[gs],-6.25e-05,Temperature[C],19,Address,db60
Time[s],695.29,Xacceleration[gs],-6.25e-05,Yacceleration[gs],-6.25e-05,Zacceleration[gs],-6.25e-05,Temperature[C],19,Address,db60
Time[s],696.21,Xacceleration[gs],-6.25e-05,Yacceleration[gs],-6.25e-05,Zacceleration[gs],-6.25e-05,Temperature[C],19,Address,db60
Time[s],697.19,Xacceleration[gs],-6.25e-05,Yacceleration[gs],-6.25e-05,Zacceleration[gs],-6.25e-05,Temperature[C],19,Address,db60
Time[s],698.28,Xacceleration[gs],-6.25e-05,Yacceleration[gs],-6.25e-05,Zacceleration[gs],-6.25e-05,Temperature[C],19,Address,db60
Time[s],699.2,Xacceleration[gs],-6.25e-05,Yacceleration[gs],-6.25e-05,Zacceleration[gs],-6.25e-05,Temperature[C],19,Address,db60
Time[s],700.2,Xacceleration[gs],-6.25e-05,Yacceleration[gs],-6.25e-05,Zacceleration[gs],-6.25e-05,Temperature[C],19,Address,db60
Time[s],701.27,Xacceleration[gs],-6.25e-05,Yacceleration[gs],-6.25e-05,Zacceleration[gs],-6.25e-05,Temperature[C],19,Address,db60
Time[s],702.22,Xacceleration[gs],-6.25e-05,Yacceleration[gs],-6.25e-05,Zacceleration[gs],-6.25e-05,Temperature[C],19,Address,db60
Time[s],703.34,Xacceleration[gs],-6.25e-05,Yacceleration[gs],-6.25e-05,Zacceleration[gs],-6.25e-05,Temperature[C],19,Address,db60
Time[s],704.26,Xacceleration[gs],-6.25e-05,Yacceleration[gs],-6.25e-05,Zacceleration[gs],-6.25e-05,Temperature[C],19,Address,db60
Time[s],705.24,Xacceleration[gs],-6.25e-05,Yacceleration[gs],-6.25e-05,Zacceleration[gs],-6.25e-05,Temperature[C],19,Address,db60
Time[s],706.33,Xacceleration[gs],-6.25e-05,Yacceleration[gs],-6.25e-05,Zacceleration[gs],-6.25e-05,Temperature[C],19,Address,db60
Time[s],707.25,Xacceleration[gs],-6.25e-05,Yacceleration[gs],-6.25e-05,Zacceleration[gs],-6.25e-05,Temperature[C],19,Address,db60
Time[s],708.25,Xacceleration[gs],-6.25e-05,Yacceleration[gs],-6.25e-05,Zacceleration[gs],-6.25e-05,Temperature[C],19,Address,db60
Time[s],709.32,Xacceleration[gs],-6.25e-05,Yacceleration[gs],-6.25e-05,Zacceleration[gs],-6.25e-05,Temperature[C],19,Address,db60
Time[s],710.27,Xacceleration[gs],-6.25e-05,Yacceleration[gs],-6.25e-05,Zacceleration[gs],-6.25e-05,Temperature[C],19,Address,db60
Time[s],711.39,Xacceleration[gs],-6.25e-05,Yacceleration[gs],-6.25e-05,Zacceleration[gs],-6.25e-05,Temperature[C],19,Address,db60
Time[s],712.31,Xacceleration[gs],-6.25e-05,Yacceleration[gs],-6.25e-05,Zacceleration[gs],-6.25e-05,Temperature[C],19,Address,db60
Time[s],713.29,Xacceleration[gs],-6.25e-05,Yacceleration[gs],-6.25e-05,Zacceleration[gs],-6.25e-05,Temperature[C],19,Address,db60
Time[s],714.38,Xacceleration[gs],-6.25e-05,Yacceleration[gs],-6.25e-05,Zacceleration[gs],-6.25e-05,Temperature[C],19,Address,db60
Time[s],715.3,Xacceleration[gs],-6.25e-05,Yacceleration[gs],-6.25e-05,Zacceleration[gs],-6.25e-05,Temperature[C],19,Address,db60
Time[s],716.3,Xacceleration[gs],-6.25e-05,Yacceleration[gs],-6.25e-05,Zacceleration[gs],-6.25e-05,Temperature[C],19,Address,db60
Time[s],717.37,Xacceleration[gs],-6.25e-05,Yacceleration[gs],-6.25e-05,Zacceleration[gs],-6.25e-05,Temperature[C],19,Address,db60
Time[s],718.32,Xacceleration[gs],-6.25e-05,Yacceleration[gs],-6.25e-05,Zacceleration[gs],-6.25e-05,Temperature[C],19,Address,db60
Time[s],719.44,Xacceleration[gs],-6.25e-05,Yacceleration[gs],-6.25e-05,Zacceleration[gs],-6.25e-05,Temperature[C],19,Address,db60
Time[s],720.36,Xacceleration[gs],-6.25e-05,Yacceleration[gs],-6.25e-05,Zacceleration[gs],-6.25e-05,Temperature[C],19,Address,db60
Time[s],721.35,Xacceleration[gs],-6.25e-05,Yacceleration[gs],-6.25e-05,Zacceleration[gs],-6.25e-05,Temperature[C],19,Address,db60
Time[s],722.43,Xacceleration[gs],-6.25e-05,Yacceleration[gs],-6.25e-05,Zacceleration[gs],-6.25e-05,Temperature[C],19,Address,db60
Time[s],723.38,Xacceleration[gs],-6.25e-05,Yacceleration[gs],-6.25e-05,Zacceleration[gs],-6.25e-05,Temperature[C],19,Address,db60
Time[s],724.51,Xacceleration[gs],-6.25e-05,Yacceleration[gs],-6.25e-05,Zacceleration[gs],-6.25e-05,Temperature[C],19,Address,db60
Time[s],725.42,Xacceleration[gs],-6.25e-05,Yacceleration[gs],-6.25e-05,Zacceleration[gs],-6.25e-05,Temperature[C],19,Address,db60
Time[s],726.37,Xacceleration[gs],-6.25e-05,Yacceleration[gs],-6.25e-05,Zacceleration[gs],-6.25e-05,Temperature[C],19,Address,db60
Time[s],727.49,Xacceleration[gs],-6.25e-05,Yacceleration[gs],-6.25e-05,Zacceleration[gs],-6.25e-05,Temperature[C],19,Address,db60
Time[s],728.41,Xacceleration[gs],-6.25e-05,Yacceleration[gs],-6.25e-05,Zacceleration[gs],-6.25e-05,Temperature[C],19,Address,db60
Time[s],729.39,Xacceleration[gs],-6.25e-05,Yacceleration[gs],-6.25e-05,Zacceleration[gs],-6.25e-05,Temperature[C],19,Address,db60
Time[s],730.48,Xacceleration[gs],-6.25e-05,Yacceleration[gs],-6.25e-05,Zacceleration[gs],-6.25e-05,Temperature[C],19,Address,db60
Time[s],731.4,Xacceleration[gs],-6.25e-05,Yacceleration[gs],-6.25e-05,Zacceleration[gs],-6.25e-05,Temperature[C],19,Address,db60
Time[s],732.4,Xacceleration[gs],-6.25e-05,Yacceleration[gs],-6.25e-05,Zacceleration[gs],-6.25e-05,Temperature[C],19,Address,db60
Time[s],733.47,Xacceleration[gs],-6.25e-05,Yacceleration[gs],-6.25e-05,Zacceleration[gs],-6.25e-05,Temperature[C],19,Address,db60
Time[s],734.42,Xacceleration[gs],-6.25e-05,Yacceleration[gs],-6.25e-05,Zacceleration[gs],-6.25e-05,Temperature[C],19,Address,db60
Time[s],735.54,Xacceleration[gs],-6.25e-05,Yacceleration[gs],-6.25e-05,Zacceleration[gs],-6.25e-05,Temperature[C],19,Address,db60
Time[s],736.46,Xacceleration[gs],-6.25e-05,Yacceleration[gs],-6.25e-05,Zacceleration[gs],-6.25e-05,Temperature[C],19,Address,db60
Time[s],737.44,Xacceleration[gs],-6.25e-05,Yacceleration[gs],-6.25e-05,Zacceleration[gs],-6.25e-05,Temperature[C],19,Address,db60
Time[s],738.53,Xacceleration[gs],-6.25e-05,Yacceleration[gs],-6.25e-05,Zacceleration[gs],-6.25e-05,Temperature[C],19,Address,db60
Time[s],739.48,Xacceleration[gs],-6.25e-05,Yacceleration[gs],-6.25e-05,Zacceleration[gs],-6.25e-05,Temperature[C],19,Address,db60
Time[s],740.45,Xacceleration[gs],-6.25e-05,Yacceleration[gs],-6.25e-05,Zacceleration[gs],-6.25e-05,Temperature[C],19,Address,db60
Time[s],741.52,Xacceleration[gs],-6.25e-05,Yacceleration[gs],-6.25e-05,Zacceleration[gs],-6.25e-05,Temperature[C],19,Address,db60
Time[s],742.47,Xacceleration[gs],-6.25e-05,Yacceleration[gs],-6.25e-05,Zacceleration[gs],-6.25e-05,Temperature[C],19,Address,db60
Time[s],743.59,Xacceleration[gs],-6.25e-05,Yacceleration[gs],-6.25e-05,Zacceleration[gs],-6.25e-05,Temperature[C],19,Address,db60
Time[s],744.51,Xacceleration[gs],-6.25e-05,Yacceleration[gs],-6.25e-05,Zacceleration[gs],-6.25e-05,Temperature[C],19,Address,db60
Time[s],745.49,Xacceleration[gs],-6.25e-05,Yacceleration[gs],-6.25e-05,Zacceleration[gs],-6.25e-05,Temperature[C],19,Address,db60
Time[s],746.58,Xacceleration[gs],-6.25e-05,Yacceleration[gs],-6.25e-05,Zacceleration[gs],-6.25e-05,Temperature[C],19,Address,db60
Time[s],747.51,Xacceleration[gs],-6.25e-05,Yacceleration[gs],-6.25e-05,Zacceleration[gs],-6.25e-05,Temperature[C],19,Address,db60
Time[s],748.5,Xacceleration[gs],-6.25e-05,Yacceleration[gs],-6.25e-05,Zacceleration[gs],-6.25e-05,Temperature[C],19,Address,db60
Time[s],749.57,Xacceleration[gs],-6.25e-05,Yacceleration[gs],-6.25e-05,Zacceleration[gs],-6.25e-05,Temperature[C],19,Address,db60
Time[s],750.52,Xacceleration[gs],-6.25e-05,Yacceleration[gs],-6.25e-05,Zacceleration[gs],-6.25e-05,Temperature[C],19,Address,db60
Time[s],751.64,Xacceleration[gs],-6.25e-05,Yacceleration[gs],-6.25e-05,Zacceleration[gs],-6.25e-05,Temperature[C],19,Address,db60
Time[s],752.56,Xacceleration[gs],-6.25e-05,Yacceleration[gs],-6.25e-05,Zacceleration[gs],-6.25e-05,Temperature[C],19,Address,db60
Time[s],753.54,Xacceleration[gs],-6.25e-05,Yacceleration[gs],-6.25e-05,Zacceleration[gs],-6.25e-05,Temperature[C],19,Address,db60
Time[s],754.63,Xacceleration[gs],-6.25e-05,Yacceleration[gs],-6.25e-05,Zacceleration[gs],-6.25e-05,Temperature[C],19,Address,db60
Time[s],755.55,Xacceleration[gs],-6.25e-05,Yacceleration[gs],-6.25e-05,Zacceleration[gs],-6.25e-05,Temperature[C],19,Address,db60
Time[s],756.55,Xacceleration[gs],-6.25e-05,Yacceleration[gs],-6.25e-05,Zacceleration[gs],-6.25e-05,Temperature[C],19,Address,db60
Time[s],757.62,Xacceleration[gs],-6.25e-05,Yacceleration[gs],-6.25e-05,Zacceleration[gs],-6.25e-05,Temperature[C],19,Address,db60
Time[s],758.57,Xacceleration[gs],-6.25e-05,Yacceleration[gs],-6.25e-05,Zacceleration[gs],-6.25e-05,Temperature[C],19,Address,db60
Time[s],759.7,Xacceleration[gs],-6.25e-05,Yacceleration[gs],-6.25e-05,Zacceleration[gs],-6.25e-05,Temperature[C],19,Address,db60
Time[s],760.61,Xacceleration[gs],-6.25e-05,Yacceleration[gs],-6.25e-05,Zacceleration[gs],-6.25e-05,Temperature[C],19,Address,db60
Time[s],761.59,Xacceleration[gs],-6.25e-05,Yacceleration[gs],-6.25e-05,Zacceleration[gs],-6.25e-05,Temperature[C],19,Address,db60
Time[s],762.68,Xacceleration[gs],-6.25e-05,Yacceleration[gs],-6.25e-05,Zacceleration[gs],-6.25e-05,Temperature[C],19,Address,db60
Time[s],763.6,Xacceleration[gs],-6.25e-05,Yacceleration[gs],-6.25e-05,Zacceleration[gs],-6.25e-05,Temperature[C],19,Address,db60
Time[s],764.6,Xacceleration[gs],-6.25e-05,Yacceleration[gs],-6.25e-05,Zacceleration[gs],-6.25e-05,Temperature[C],19,Address,db60
Time[s],765.67,Xacceleration[gs],-6.25e-05,Yacceleration[gs],-6.25e-05,Zacceleration[gs],-6.25e-05,Temperature[C],19,Address,db60
Time[s],766.62,Xacceleration[gs],-6.25e-05,Yacceleration[gs],-6.25e-05,Zacceleration[gs],-6.25e-05,Temperature[C],19,Address,db60
Time[s],767.77,Xacceleration[gs],-6.25e-05,Yacceleration[gs],-6.25e-05,Zacceleration[gs],-6.25e-05,Temperature[C],19,Address,db60
Time[s],768.66,Xacceleration[gs],-6.25e-05,Yacceleration[gs],-6.25e-05,Zacceleration[gs],-6.25e-05,Temperature[C],19,Address,db60
Time[s],769.64,Xacceleration[gs],-6.25e-05,Yacceleration[gs],-6.25e-05,Zacceleration[gs],-6.25e-05,Temperature[C],19,Address,db60
Time[s],770.73,Xacceleration[gs],-6.25e-05,Yacceleration[gs],-6.25e-05,Zacceleration[gs],-6.25e-05,Temperature[C],19,Address,db60
Time[s],771.65,Xacceleration[gs],-6.25e-05,Yacceleration[gs],-6.25e-05,Zacceleration[gs],-6.25e-05,Temperature[C],19,Address,db60
Time[s],772.65,